entry_id,title,category,subtype,path,score,band,flags,review_reasons,recommended_action,logo_need,logo_status,official_asset,official_asset_context,known_padding_2to1,central_padding_shape,sparse_diagram,color_status,off_palette_ratio,file_size_kb,part_color,part_luma,part_saturation,part_contrast,part_edge,part_ink,part_aspect,luma,saturation,contrast,edge_density,ink_ratio,bbox_coverage,bbox_width_ratio,bbox_height_ratio,margin_balance
A-1,まえがき,common,intro,assets/ponchi/final/A-1.webp,87,high,,,light_review,not_needed,logo_avoid,,no,no,no,no,pass,0.000164,20.0,93,92,96,71,90,79,100,251.129,0.00836,6.415,0.06272,0.08865,0.20356,0.69792,0.29167,0.84375
A-2,この本の読み方,common,intro,assets/ponchi/final/A-2.webp,88,high,,,light_review,not_needed,logo_avoid,,no,no,no,no,pass,0.000000,28.6,93,92,95,73,94,77,100,250.867,0.00588,6.924,0.06651,0.07964,0.24230,0.80208,0.30208,0.92708
A-3,図鑑の歩き方,common,intro,assets/ponchi/final/A-3.webp,79,mid,濃淡;線密度;余白,濃淡;線密度;余白,visual_review,not_needed,logo_avoid,,no,no,no,no,pass,0.000024,24.1,91,89,94,59,66,69,100,252.475,0.00346,4.136,0.03906,0.04525,0.18859,0.82292,0.22917,0.92708
A-4,体験区分の凡例,common,meta,assets/ponchi/final/A-4.webp,96,high,,,light_review,not_needed,logo_avoid,,no,no,no,no,pass,0.000092,27.1,98,97,97,92,87,99,100,248.284,0.01017,10.621,0.05968,0.17828,0.21387,0.76042,0.28125,0.92708
A-5,読者レベルの凡例,common,meta,assets/ponchi/final/A-5.webp,85,high,,,light_review,not_needed,logo_avoid,,no,no,no,no,pass,0.000099,22.5,93,92,95,70,78,77,100,251.178,0.00644,6.226,0.05100,0.08116,0.21094,0.75000,0.28125,0.97917
A-6,評価日・時変情報の見方,common,meta,assets/ponchi/final/A-6.webp,83,mid,濃淡,濃淡,visual_review,not_needed,logo_avoid,,no,no,no,no,pass,0.000000,24.4,92,90,95,65,80,73,100,251.774,0.00567,5.336,0.05328,0.06413,0.22266,0.79167,0.28125,0.93750
A-7,図のタイプ,common,meta,assets/ponchi/final/A-7.webp,85,high,濃淡,濃淡,light_review,not_needed,logo_avoid,,no,no,no,no,pass,0.000032,18.5,92,91,95,67,84,77,100,251.489,0.00654,5.719,0.05653,0.07899,0.13715,0.82292,0.16667,0.96875
A-8,色・記号の凡例,common,meta,assets/ponchi/final/A-8.webp,82,mid,濃淡,濃淡,visual_review,not_needed,logo_avoid,,no,no,no,no,pass,0.000075,20.4,92,90,95,65,76,73,100,251.857,0.00519,5.204,0.04948,0.06348,0.15842,0.76042,0.20833,0.88542
A-9,索引,common,meta,assets/ponchi/final/A-9.webp,91,high,,,light_review,not_needed,logo_avoid,,no,no,no,no,pass,0.000513,32.9,96,95,97,85,88,86,100,249.398,0.01065,9.198,0.08279,0.12033,0.27246,0.84375,0.32292,0.96875
A-10,更新履歴と更新方針,common,meta,assets/ponchi/final/A-10.webp,85,high,,,light_review,not_needed,logo_avoid,,no,no,no,no,pass,0.000003,25.2,93,91,95,70,87,74,100,251.283,0.00521,6.222,0.05968,0.06901,0.22266,0.79167,0.28125,0.95833
A-11,略称表記,common,meta,assets/ponchi/final/A-11.webp,89,high,,,light_review,not_needed,logo_avoid,,no,no,no,no,pass,0.000047,22.2,94,93,96,75,92,80,100,250.637,0.00771,7.249,0.06391,0.09321,0.16471,0.71875,0.22917,0.90625
B-1,Gemini,service,ai_assistant,assets/ponchi/final/B-1.webp,97,high,,color_fail;official_asset_color_context;sparse_logo_diagram,official_overlay_color_review,required,official_logo_applied,assets/logos/gemini/gemini_sparkle_4g_512_lt.png,yes,no,no,yes,fail,0.036571,30.8,98,98,97,96,98,93,100,247.884,0.02438,11.471,0.07020,0.15343,0.37760,0.90625,0.41667,0.98958
B-2,Claude,service,ai_assistant,assets/ponchi/final/B-2.webp,95,high,,known_padding_2to1;color_review;official_asset_color_context;sparse_logo_diagram,composition_regen_review,required,official_logo_applied,assets/logos/anthropic/anthropic-media-resources/Anthropic media resources/Anthropic logos/Claude logos/1 Claude logo/PNG/Claude logo - Slate.png,yes,yes,no,yes,review,0.016243,34.5,99,99,100,99,82,94,100,247.507,0.01755,12.050,0.08854,0.15951,0.43924,0.91667,0.47917,0.97917
B-3,ChatGPT,service,ai_assistant,assets/ponchi/final/B-3.webp,87,high,線密度,線密度;known_padding_2to1,composition_regen_review,required,official_logo_applied,assets/logos/openai/openai_wordmark_black_official_template_layer.png,yes,yes,no,no,pass,0.006172,39.4,95,94,97,74,57,99,100,243.867,0.00932,17.496,0.11230,0.18685,0.43924,0.91667,0.47917,0.97917
B-4,Cursor,service,ai_assistant,assets/ponchi/final/B-4.webp,95,high,,known_padding_2to1;sparse_logo_diagram,composition_regen_review,required,official_logo_applied,assets/logos/cursor/cursor-brand-assets/General Logos/Lockup Horizontal/PNG/LOCKUP_HORIZONTAL_2D_LIGHT.png,yes,yes,no,yes,pass,0.007681,30.5,98,98,97,98,93,88,100,247.864,0.01006,11.794,0.06521,0.12977,0.43924,0.91667,0.47917,0.97917
B-5,GitHub Copilot,service,ai_assistant,assets/ponchi/final/B-5.webp,96,high,,color_review;official_asset_color_context;sparse_logo_diagram,sparse_diagram_review,required,official_logo_applied,assets/logos/github/GitHub_Logos/GitHub Logos/PNG/GitHub_Copilot_Lockup_Black_Clearspace.png,yes,no,no,yes,review,0.011450,32.5,99,99,99,99,89,93,100,247.570,0.01518,12.070,0.08268,0.15104,0.42480,0.90625,0.46875,0.98958
B-6,Windsurf,service,ai_assistant,assets/ponchi/final/B-6.webp,93,high,,sparse_logo_diagram,sparse_diagram_review,required,official_logo_applied,assets/logos/windsurf/windsurf-black-wordmark.svg,yes,no,no,yes,pass,0.000037,24.1,97,96,96,90,93,84,100,248.820,0.00909,10.250,0.07888,0.11176,0.33811,0.85417,0.39583,1.00000
B-7,Claude Code,service,ai_assistant,assets/ponchi/final/B-7.webp,95,high,,color_review;official_asset_color_context;sparse_logo_diagram,sparse_diagram_review,required,official_logo_applied,assets/logos/anthropic/anthropic-media-resources/Anthropic media resources/Anthropic logos/Claude logos/2 Claude Code logo/PNG/Claude Code logo - Slate.png,yes,no,no,yes,review,0.010114,31.6,98,98,98,96,88,91,100,247.989,0.01189,11.378,0.08355,0.14572,0.43924,0.91667,0.47917,0.97917
B-8,Codex,service,ai_assistant,assets/ponchi/final/B-8.webp,91,high,線密度,線密度;color_review;official_asset_color_context,light_review,required,official_logo_applied,assets/logos/openai/openai_wordmark_black_official_template_layer.png,yes,no,no,no,review,0.012108,35.0,97,97,96,84,69,98,100,245.222,0.00850,15.432,0.10156,0.17719,0.43924,0.91667,0.47917,0.97917
B-9,v0,service,ai_assistant,assets/ponchi/final/B-9.webp,81,mid,濃淡;線密度,濃淡;線密度;color_review;official_asset_color_context,visual_review,required,official_logo_applied,assets/logos/vercel/v0-assets/v0/Light/v0-logo-light.png,yes,no,no,no,review,0.011698,30.0,87,85,99,37,68,99,100,239.461,0.01447,24.786,0.10265,0.18772,0.43924,0.91667,0.47917,0.97917
B-10,Devin,service,ai_assistant,assets/ponchi/final/B-10.webp,95,high,,,light_review,required,official_logo_applied,assets/logos/devin/devin-official-header-mark.svg,yes,no,no,no,pass,0.002863,50.7,96,97,94,83,98,95,100,245.150,0.00460,15.635,0.07010,0.15983,0.41667,1.00000,0.41667,1.00000
B-11,Bolt.new,service,ai_assistant,assets/ponchi/final/B-11.webp,94,high,,,light_review,required,official_logo_applied,assets/logos/bolt/bolt-logo-text-official-512.png,yes,no,no,no,pass,0.004528,58.4,99,98,99,97,83,90,100,246.153,0.01477,12.780,0.05588,0.23025,0.41819,0.97917,0.42708,0.97917
B-12,Perplexity,service,ai_assistant,assets/ponchi/final/B-12.webp,95,high,,,light_review,required,official_logo_applied,assets/logos/perplexity/Perplexity-Primary-Lockup-Offblack.svg,yes,no,no,no,pass,0.003648,52.7,98,99,95,98,83,96,100,247.308,0.00574,11.919,0.05566,0.16688,0.35417,1.00000,0.35417,1.00000
B-13,ElevenLabs,service,tts_service,assets/ponchi/final/B-13.webp,89,high,線密度,線密度,light_review,required,official_logo_applied,assets/logos/elevenlabs/elevenlabs-logo-black.svg,yes,no,no,no,pass,0.000261,58.6,96,95,98,79,61,99,100,244.565,0.01142,16.449,0.10894,0.19119,0.43859,0.97917,0.44792,0.97917
B-14,Genspark,service,ai_assistant,assets/ponchi/final/B-14.webp,92,high,,,light_review,required,official_logo_applied,assets/logos/genspark/genspark-favicon.ico,yes,no,no,no,pass,0.005332,44.8,96,96,96,87,78,94,100,244.754,0.00822,14.938,0.05067,0.21148,0.43294,0.98958,0.43750,0.98958
B-15,Microsoft Copilot,service,ai_assistant,assets/ponchi/final/B-15.webp,98,high,,color_review;official_asset_color_context,light_review,required,official_logo_applied,assets/logos/microsoft-copilot/copilot-official-inline-icon.svg,yes,no,no,no,review,0.014081,55.2,99,99,99,96,92,100,100,247.673,0.01539,11.418,0.06434,0.18424,0.43859,0.97917,0.44792,0.97917
B-16,Microsoft 365 Copilot,service,ai_assistant,assets/ponchi/final/B-16.webp,96,high,,color_review;official_asset_color_context,light_review,required,official_logo_applied,assets/logos/microsoft-copilot/copilot-official-inline-icon.svg,yes,no,no,no,review,0.014041,60.9,98,98,98,91,91,100,100,246.130,0.01349,14.047,0.06369,0.18576,0.40625,1.00000,0.40625,1.00000
B-17,Edge Copilot,service,ai_assistant,assets/ponchi/final/B-17.webp,96,high,,color_review;official_asset_color_context,light_review,required,official_logo_applied,assets/logos/microsoft-copilot/copilot-official-inline-icon.svg,yes,no,no,no,review,0.013910,69.2,99,98,99,94,91,95,100,247.744,0.01805,11.064,0.06326,0.20779,0.39171,0.98958,0.39583,0.98958
B-18,Aqua Voice,service,voice_input_saas,assets/ponchi/final/B-18.webp,96,high,,,light_review,required,official_logo_applied,assets/logos/aqua-voice/aquavoice-favicon.png,yes,no,no,no,pass,0.004394,47.4,99,99,100,91,96,92,100,246.548,0.01596,14.016,0.06803,0.14735,0.41374,0.96875,0.42708,0.96875
B-19,Claude Cowork,service,collaboration_service,assets/ponchi/final/B-19.webp,96,high,,,light_review,not_available_after_source_review,logo_avoid,,no,no,no,no,pass,0.005539,60.4,97,97,96,89,99,95,100,245.162,0.00735,14.389,0.07086,0.20660,0.42708,1.00000,0.42708,1.00000
B-20,Vercel,service,hosting_cloud,assets/ponchi/final/B-20.webp,97,high,,,light_review,required,official_logo_applied,assets/logos/vercel/vercel-assets/Vercel/logotype/light/vercel-logotype-light.png,yes,no,no,no,pass,0.006872,46.6,99,100,96,100,86,100,100,247.014,0.00731,12.150,0.05859,0.18663,0.43750,1.00000,0.43750,1.00000
B-21,Netlify,service,hosting_cloud,assets/ponchi/final/B-21.webp,96,high,,,light_review,required,official_logo_applied,assets/logos/netlify/netlify-logo-full/netlify-logo-full/large/lightmode/logo-netlify-large-monochrome-lightmode.png,yes,no,no,no,pass,0.007169,48.9,98,98,96,92,93,99,100,245.962,0.00881,13.930,0.07867,0.17828,0.43859,0.97917,0.44792,0.97917
B-22,Cloudflare,service,hosting_cloud,assets/ponchi/final/B-22.webp,95,high,,,light_review,required,official_logo_applied,assets/logos/cloudflare/Cloudflare_logo_kit/Cloudflare_logo_kit/Cloudflare_logo_kit/Cloudflare logo/png/CF_logo_horizontal_singlecolor_blk.png,yes,no,no,no,pass,0.003927,59.6,98,98,95,92,80,100,100,247.703,0.00646,10.715,0.05252,0.18305,0.42383,0.96875,0.43750,0.96875
B-23,AWS,service,hosting_cloud,assets/ponchi/final/B-23.webp,93,high,,,light_review,not_available_after_source_review,logo_avoid,,no,no,no,no,pass,0.004641,51.6,98,97,96,90,73,98,100,248.247,0.00779,10.301,0.04612,0.17415,0.42708,1.00000,0.42708,1.00000
B-24,Google Cloud,service,hosting_cloud,assets/ponchi/final/B-24.webp,98,high,,color_review;official_asset_color_context,light_review,required,official_logo_applied,assets/logos/google-cloud/google-cloud-logo-fullcolor.svg,yes,no,no,no,review,0.010289,54.3,99,99,97,100,97,95,100,246.586,0.00962,12.258,0.07487,0.20595,0.41819,0.97917,0.42708,0.97917
B-25,Azure,service,hosting_cloud,assets/ponchi/final/B-25.webp,97,high,,color_fail;official_asset_color_context,official_overlay_color_review,required,official_logo_applied,assets/logos/azure/Azure_Public_Service_Icons_V23/Azure_Public_Service_Icons/Icons/other/10018-icon-service-Azure-A.svg,yes,no,no,no,fail,0.020751,58.1,99,99,99,99,98,91,100,246.241,0.01480,12.498,0.07031,0.22613,0.41374,0.96875,0.42708,0.96875
B-26,Azure OpenAI,service,managed_ai,assets/ponchi/final/B-26.webp,98,high,,,light_review,required,official_logo_applied,assets/logos/azure/Azure_Public_Service_Icons_V23/Azure_Public_Service_Icons/Icons/ai + machine learning/03438-icon-service-Azure-OpenAI.svg,yes,no,no,no,pass,0.009389,53.6,99,100,100,99,93,95,100,246.674,0.01793,12.093,0.06489,0.20562,0.42263,0.98958,0.42708,0.98958
B-27,Vertex AI,service,managed_ai,assets/ponchi/final/B-27.webp,94,high,,color_review;official_asset_color_context,light_review,required,official_logo_applied,assets/logos/google-cloud/product-icons/core-products-icons/Unique Icons/Vertex AI/SVG/VertexAI-512-color.svg,yes,no,no,no,review,0.011351,52.1,97,97,97,87,80,100,100,248.370,0.00958,9.648,0.05295,0.18273,0.41233,0.98958,0.41667,0.98958
B-28,Render,service,hosting_cloud,assets/ponchi/final/B-28.webp,95,high,,,light_review,required,official_logo_applied,assets/logos/render/render-wordmark-from-press.png,yes,no,no,no,pass,0.006359,43.3,98,98,96,92,86,97,100,247.830,0.00832,10.625,0.05859,0.17046,0.40799,0.97917,0.41667,0.97917
B-29,Supabase,service,baas,assets/ponchi/final/B-29.webp,97,high,,,light_review,required,official_logo_applied,assets/logos/supabase/brand-assets/supabase-logo-wordmark--light.png,yes,no,no,no,pass,0.007751,59.2,98,98,97,94,96,96,100,246.006,0.00984,13.486,0.06847,0.20063,0.42708,1.00000,0.42708,1.00000
B-30,Amazon Bedrock,service,managed_ai,assets/ponchi/final/B-30.webp,91,high,,color_fail;official_asset_color_context,official_overlay_color_review,required,official_logo_applied,assets/logos/aws/aws-architecture-icons-2026-01-30/Architecture-Service-Icons_01302026/Arch_Artificial-Intelligence/64/Arch_Amazon-Bedrock_64.svg,yes,no,no,no,fail,0.024528,38.0,97,96,99,87,82,87,100,248.926,0.01563,9.698,0.05501,0.12815,0.37326,0.89583,0.41667,1.00000
B-31,Excalidraw,service,saas_design,assets/ponchi/final/B-31.webp,91,high,,color_review;official_asset_color_context,light_review,required,official_logo_applied,assets/logos/excalidraw/excalidraw-favicon.svg,yes,no,no,no,review,0.017437,60.5,96,96,98,84,72,95,100,244.706,0.01346,15.357,0.09842,0.20844,0.44792,1.00000,0.44792,1.00000
B-32,Figma,service,saas_design,assets/ponchi/final/B-32.webp,92,high,,color_review;official_asset_color_context,light_review,required,official_logo_applied,assets/logos/figma/figma-favicon.svg,yes,no,no,no,review,0.014385,53.3,95,95,100,80,90,92,100,244.142,0.01632,16.192,0.08138,0.22016,0.44792,1.00000,0.44792,1.00000
B-33,Canva,service,saas_design,assets/ponchi/final/B-33.webp,96,high,,,light_review,required,official_logo_applied,assets/logos/canva/Canva-logos/Canva logos/png/512x512/Canva type logo_512x180.png,yes,no,no,no,pass,0.007105,44.2,98,97,98,87,93,98,100,245.270,0.02045,14.905,0.06489,0.19368,0.45833,1.00000,0.45833,1.00000
B-40,Reddit,service,info_source,assets/ponchi/final/B-40.webp,98,high,,color_fail;official_asset_color_context,official_overlay_color_review,required,official_logo_applied,assets/logos/reddit/Reddit_Lockup_Logo.svg,yes,no,no,no,fail,0.021200,58.7,98,100,100,98,100,95,100,247.083,0.01751,11.804,0.07161,0.16417,0.40039,0.93750,0.42708,1.00000
B-41,arXiv,service,info_source,assets/ponchi/final/B-41.webp,81,mid,濃淡;線密度,濃淡;線密度;color_fail;official_asset_color_context,official_overlay_color_review,required,official_logo_applied,assets/logos/arxiv/arxiv-logo-one-color-white.svg,yes,no,no,no,fail,0.045326,65.0,91,89,94,53,46,100,100,241.232,0.02935,21.690,0.12305,0.18500,0.44401,0.96875,0.45833,0.96875
B-50,Claude の料金プラン,service,pricing,assets/ponchi/final/B-50.webp,90,high,線密度,線密度,light_review,required,official_logo_applied,assets/logos/anthropic/anthropic-media-resources/Anthropic media resources/Anthropic logos/Claude logos/1 Claude logo/PNG/Claude logo - Slate.png,yes,no,no,no,pass,0.009288,58.3,96,95,99,81,67,96,100,244.292,0.01571,16.136,0.10276,0.20182,0.47917,1.00000,0.47917,1.00000
B-51,ChatGPT の料金プラン,service,pricing,assets/ponchi/final/B-51.webp,97,high,,,light_review,required,official_logo_applied,assets/logos/openai/openai_wordmark_black_official_template_layer.png,yes,no,no,no,pass,0.005190,63.0,98,99,96,95,91,98,100,246.199,0.00915,13.261,0.06293,0.19260,0.48958,1.00000,0.48958,1.00000
B-52,Gemini の料金プラン,service,pricing,assets/ponchi/final/B-52.webp,90,high,,color_review;official_asset_color_context,light_review,required,official_logo_applied,assets/logos/gemini/gemini_sparkle_4g_512_lt.png,yes,no,no,no,review,0.014303,43.5,95,94,98,74,70,100,100,243.823,0.02091,17.490,0.10059,0.18479,0.40560,0.92708,0.43750,0.96875
B-60,Suno,service,creative_media,assets/ponchi/final/B-60.webp,94,high,,,light_review,required,official_logo_applied,assets/logos/suno/Suno_wordmark.svg,yes,no,no,no,pass,0.003597,53.6,96,95,99,79,96,98,100,244.239,0.01947,16.432,0.07606,0.19293,0.46875,1.00000,0.46875,1.00000
B-61,ACE-Step 1.5,service,creative_media,assets/ponchi/final/B-61.webp,94,high,,,light_review,required,official_logo_applied,assets/logos/ace-step/acestep_logo.png,yes,no,no,no,pass,0.000599,50.2,97,97,97,81,97,92,100,245.301,0.01115,16.054,0.06912,0.14844,0.40929,0.95833,0.42708,0.97917
C-1,OpenAI,person_org,company,assets/ponchi/final/C-1.webp,91,high,,,light_review,required,official_logo_applied,assets/logos/openai/openai_wordmark_black_official_template_layer.png,yes,no,no,no,pass,0.002982,66.3,95,94,100,78,74,99,100,244.057,0.01643,16.588,0.09657,0.18121,0.45410,0.96875,0.46875,0.96875
C-2,Anthropic,person_org,company,assets/ponchi/final/C-2.webp,95,high,,,light_review,required,official_logo_applied,assets/logos/anthropic/anthropic-media-resources/Anthropic media resources/Anthropic logos/Anthropic logos/1 Anthropic logo/PNG/Anthropic logo - Slate.png,yes,no,no,no,pass,0.007643,52.5,97,96,98,84,91,99,100,244.963,0.01344,15.386,0.08051,0.17914,0.45898,0.97917,0.46875,1.00000
C-3,Google DeepMind,person_org,company,assets/ponchi/final/C-3.webp,94,high,,color_review;official_asset_color_context,light_review,required,official_logo_applied,assets/logos/google-deepmind/google_deepmind_48dp.svg,yes,no,no,no,review,0.018719,56.5,97,97,100,86,82,99,100,245.221,0.01705,15.095,0.08876,0.17806,0.44325,0.98958,0.44792,0.98958
C-4,Meta AI,person_org,company,assets/ponchi/final/C-4.webp,95,high,,color_review;official_asset_color_context,light_review,required,official_logo_applied,assets/logos/meta-ai/meta-ai-orbit-logo-gradient-3d_light.goto.png,yes,no,no,no,review,0.012132,60.9,97,96,99,86,94,96,100,244.975,0.01992,15.082,0.07791,0.20247,0.43859,0.97917,0.44792,0.97917
C-5,xAI,person_org,company,assets/ponchi/final/C-5.webp,94,high,,,light_review,required,official_logo_applied,assets/logos/xai/xai-favicon.ico,yes,no,no,no,pass,0.003195,59.7,96,95,97,83,97,95,100,244.509,0.01025,15.727,0.07509,0.20866,0.44325,0.98958,0.44792,0.98958
C-6,Mistral AI,person_org,company,assets/ponchi/final/C-6.webp,92,high,,,light_review,required,official_logo_applied,assets/logos/mistral/mistral-cover-logo-lockup-black.transparent.png,yes,no,no,no,pass,0.007169,48.8,96,95,100,77,88,92,100,244.284,0.01796,16.864,0.08322,0.14714,0.44792,1.00000,0.44792,1.00000
C-7,Hugging Face,person_org,company,assets/ponchi/final/C-7.webp,94,high,,color_review;official_asset_color_context,light_review,required,official_logo_applied,assets/logos/huggingface/hf-logo-with-title.svg,yes,no,no,no,review,0.011892,61.0,96,96,99,86,85,98,100,244.919,0.01806,14.949,0.08626,0.19564,0.41927,0.95833,0.43750,0.97917
C-8,Microsoft AI,person_org,company,assets/ponchi/final/C-8.webp,97,high,,,light_review,not_available_after_source_review,logo_avoid,,no,no,no,no,pass,0.004413,53.9,99,98,99,97,87,98,100,246.145,0.01414,12.927,0.05957,0.19379,0.41927,0.95833,0.43750,0.97917
C-9,NVIDIA,person_org,company,assets/ponchi/final/C-9.webp,90,high,濃淡,濃淡;color_review;official_asset_color_context,light_review,required,official_logo_applied,assets/logos/nvidia/nvidia-logo-horz.svg,yes,no,no,no,review,0.011665,66.3,92,92,98,65,88,96,100,242.600,0.01233,19.154,0.08279,0.20388,0.39779,0.97917,0.40625,0.97917
C-10,Moonshot AI,person_org,company,assets/ponchi/final/C-10.webp,82,mid,濃淡,濃淡,visual_review,required,official_logo_applied,assets/logos/moonshot-ai/moonshot-inline-logo.png,yes,no,no,no,pass,0.005932,71.9,89,86,88,54,83,84,100,239.998,0.04288,21.489,0.08822,0.25586,0.43945,0.93750,0.46875,0.97917
C-11,Z.ai,person_org,company,assets/ponchi/final/C-11.webp,88,high,,,light_review,required,official_logo_applied,assets/logos/z-ai/z-ai-logo-official.svg,yes,no,no,no,pass,0.001867,83.3,95,94,94,75,73,92,100,243.660,0.03029,17.180,0.09744,0.22255,0.44401,0.96875,0.45833,0.98958
C-12,TSMC,person_org,company,assets/ponchi/final/C-12.webp,97,high,,,light_review,not_available_after_source_review,logo_avoid,,no,no,no,no,pass,0.004490,72.0,98,97,98,91,100,98,100,245.482,0.01280,14.079,0.07140,0.19564,0.39171,0.98958,0.39583,0.98958
C-13,Groq,person_org,company,assets/ponchi/final/C-13.webp,85,high,濃淡,濃淡,light_review,required,official_logo_applied,assets/logos/groq/groq-wordmark-official-inline.svg,yes,no,no,no,pass,0.000605,83.7,92,91,98,62,71,92,100,242.098,0.02135,19.808,0.09918,0.22222,0.44401,0.96875,0.45833,0.96875
C-14,AMD,person_org,company,assets/ponchi/final/C-14.webp,84,mid,濃淡;線密度,濃淡;線密度;color_review;official_asset_color_context,visual_review,required,official_logo_applied,assets/logos/amd/amd-header-logo.svg,yes,no,no,no,review,0.012177,70.2,92,90,96,64,59,93,100,241.829,0.02660,19.524,0.11079,0.21777,0.42969,0.93750,0.45833,1.00000
C-50,Sam Altman,person_org,person,assets/ponchi/final/C-50.webp,93,high,,,light_review,not_needed,logo_avoid,,no,no,no,no,pass,0.005755,50.9,96,94,99,82,90,93,100,244.093,0.01991,15.878,0.08138,0.21701,0.39779,0.97917,0.40625,1.00000
C-51,Dario Amodei,person_org,person,assets/ponchi/final/C-51.webp,80,mid,濃淡;線密度,濃淡;線密度,visual_review,not_needed,logo_avoid,,no,no,no,no,pass,0.009404,73.0,89,87,93,55,60,86,100,240.185,0.03265,21.324,0.10970,0.24816,0.44423,0.92708,0.47917,0.98958
C-52,Demis Hassabis,person_org,person,assets/ponchi/final/C-52.webp,81,mid,濃淡,濃淡;color_review,visual_review,not_needed,logo_avoid,,no,no,no,no,review,0.010087,77.3,89,87,92,59,73,81,100,240.393,0.03483,20.400,0.09766,0.26812,0.45410,0.96875,0.46875,0.98958
C-53,Andrej Karpathy,person_org,person,assets/ponchi/final/C-53.webp,93,high,,,light_review,not_needed,logo_avoid,,no,no,no,no,pass,0.004673,75.9,96,95,99,87,100,84,100,244.427,0.01532,14.826,0.07161,0.25760,0.46918,0.97917,0.47917,0.97917
C-54,Ilya Sutskever,person,person,assets/ponchi/final/C-54.webp,89,high,,,light_review,not_needed,logo_avoid,,no,no,no,no,pass,0.003447,80.9,94,93,100,78,78,89,100,243.424,0.01692,16.567,0.09256,0.23568,0.39583,1.00000,0.39583,1.00000
C-55,Mira Murati,person_org,person,assets/ponchi/final/C-55.webp,90,high,,,light_review,not_needed,logo_avoid,,no,no,no,no,pass,0.007428,75.6,94,93,97,77,87,90,100,243.284,0.02335,16.801,0.08464,0.22982,0.39149,0.91667,0.42708,0.91667
C-56,Yann LeCun,person_org,person,assets/ponchi/final/C-56.webp,80,mid,濃淡;線密度,濃淡;線密度;color_review,visual_review,not_needed,logo_avoid,,no,no,no,no,review,0.010086,102.7,89,87,94,57,63,81,100,240.099,0.02924,20.915,0.10688,0.26953,0.42839,0.97917,0.43750,0.97917
C-57,Geoffrey Hinton,person_org,person,assets/ponchi/final/C-57.webp,86,high,濃淡,濃淡,light_review,not_needed,logo_avoid,,no,no,no,no,pass,0.006826,78.7,93,91,96,69,70,91,100,242.358,0.02605,18.395,0.10080,0.22678,0.42263,0.98958,0.42708,0.98958
C-58,Elon Musk,person_org,person,assets/ponchi/final/C-58.webp,81,mid,濃淡;線密度,濃淡;線密度,visual_review,not_needed,logo_avoid,,no,no,no,no,pass,0.001672,101.9,90,88,91,57,64,88,100,241.046,0.03729,20.911,0.10569,0.23926,0.45833,1.00000,0.45833,1.00000
C-59,Jensen Huang,person_org,person,assets/ponchi/final/C-59.webp,72,mid,濃淡;線密度,濃淡;線密度,visual_review,not_needed,logo_avoid,,no,no,no,no,pass,0.002648,110.0,84,81,89,34,49,79,100,237.213,0.04130,25.457,0.12033,0.27973,0.46918,0.97917,0.47917,0.97917
C-60,Ray Kurzweil,person_org,person,assets/ponchi/final/C-60.webp,93,high,,,light_review,not_needed,logo_avoid,,no,no,no,no,pass,0.004554,75.0,95,94,97,79,98,93,100,243.770,0.02268,16.353,0.07335,0.21777,0.40625,1.00000,0.40625,1.00000
C-80,AI大学,person_org,youtuber,assets/ponchi/final/C-80.webp,89,high,,color_review;official_asset_color_context,light_review,required,official_logo_applied,assets/logos/ai-daigaku/youtube-channel-avatar.jpg,yes,no,no,no,review,0.016351,80.9,95,93,92,71,75,97,100,243.405,0.03472,18.103,0.09538,0.19987,0.42263,0.98958,0.42708,0.98958
C-81,にゃんた,person_org,youtuber,assets/ponchi/final/C-81.webp,84,mid,濃淡;線密度,濃淡;線密度,visual_review,required,official_logo_applied,assets/logos/nyanta/youtube-channel-avatar.jpg,yes,no,no,no,pass,0.004862,96.8,92,90,93,61,66,93,100,242.009,0.03266,19.955,0.10428,0.21756,0.44792,1.00000,0.44792,1.00000
C-82,まさお,person_org,youtuber,assets/ponchi/final/C-82.webp,81,mid,濃淡;線密度,濃淡;線密度;color_fail;official_asset_color_context,official_overlay_color_review,required,official_logo_applied,assets/logos/masao/youtube-channel-avatar.jpg,yes,no,no,no,fail,0.021550,110.6,89,87,87,48,67,92,100,240.191,0.04566,22.676,0.10330,0.22070,0.46875,1.00000,0.46875,1.00000
C-83,AI の羅針盤,person_org,youtuber,assets/ponchi/final/C-83.webp,91,high,,,light_review,required,official_logo_applied,assets/logos/ai-compass/youtube-channel-avatar.jpg,yes,no,no,no,pass,0.007420,79.5,95,94,98,70,85,96,100,243.854,0.02058,18.171,0.08572,0.16688,0.46387,0.98958,0.46875,0.98958
D-1,Gemini 2 系,model,google,assets/ponchi/final/D-1.webp,97,high,,color_review;official_asset_color_context,light_review,required,official_logo_applied,assets/logos/gemini/gemini_sparkle_4g_512_lt.png,yes,no,no,no,review,0.016168,58.8,98,98,98,90,97,98,100,245.672,0.02215,14.271,0.06934,0.19314,0.45898,0.97917,0.46875,0.97917
D-2,Gemini 2.5 系,model,google,assets/ponchi/final/D-2.webp,90,high,,color_review;official_asset_color_context,light_review,required,official_logo_applied,assets/logos/gemini/gemini_sparkle_4g_512_lt.png,yes,no,no,no,review,0.019131,61.9,95,94,94,77,86,91,100,243.621,0.02921,16.868,0.08507,0.22374,0.40929,0.95833,0.42708,0.95833
D-3,Gemini 3 系,model,google,assets/ponchi/final/D-3.webp,93,high,,color_review;official_asset_color_context,light_review,required,official_logo_applied,assets/logos/gemini/gemini_sparkle_4g_512_lt.png,yes,no,no,no,review,0.014388,48.2,98,98,98,88,74,97,100,248.197,0.01264,9.829,0.04688,0.19651,0.38086,0.93750,0.40625,1.00000
D-4,Gemini 3.1 系,model,google,assets/ponchi/final/D-4.webp,94,high,,color_review;official_asset_color_context,light_review,required,official_logo_applied,assets/logos/gemini/gemini_sparkle_4g_512_lt.png,yes,no,no,no,review,0.010624,77.9,97,97,94,84,85,99,100,245.282,0.02908,15.517,0.08572,0.18056,0.38759,0.97917,0.39583,0.97917
D-10,Claude 3 系,model,anthropic,assets/ponchi/final/D-10.webp,82,mid,濃淡;線密度,濃淡;線密度,visual_review,required,official_logo_applied,assets/logos/anthropic/anthropic-media-resources/Anthropic media resources/Anthropic logos/Claude logos/1 Claude logo/PNG/Claude logo - Slate.png,yes,no,no,no,pass,0.006363,81.2,91,90,92,60,58,92,100,241.704,0.03348,20.312,0.11176,0.21875,0.45356,0.98958,0.45833,0.98958
D-11,Claude 3.5 系,model,anthropic,assets/ponchi/final/D-11.webp,94,high,,,light_review,required,official_logo_applied,assets/logos/anthropic/anthropic-media-resources/Anthropic media resources/Anthropic logos/Claude logos/1 Claude logo/PNG/Claude logo - Slate.png,yes,no,no,no,pass,0.005559,79.1,97,96,97,82,87,99,100,244.998,0.02439,15.788,0.08453,0.18880,0.42925,0.95833,0.44792,0.97917
D-12,Claude 4 系,model,anthropic,assets/ponchi/final/D-12.webp,99,high,,,light_review,required,official_logo_applied,assets/logos/anthropic/anthropic-media-resources/Anthropic media resources/Anthropic logos/Claude logos/1 Claude logo/PNG/Claude logo - Slate.png,yes,no,no,no,pass,0.008062,59.0,99,99,100,99,97,99,100,246.357,0.01633,12.474,0.06890,0.19065,0.45920,0.95833,0.47917,1.00000
D-13,Claude 4.5 系,model,anthropic,assets/ponchi/final/D-13.webp,93,high,,,light_review,required,official_logo_applied,assets/logos/anthropic/anthropic-media-resources/Anthropic media resources/Anthropic logos/Claude logos/1 Claude logo/PNG/Claude logo - Slate.png,yes,no,no,no,pass,0.003955,66.7,98,98,99,88,76,97,100,245.678,0.01993,14.556,0.09473,0.20020,0.41233,0.98958,0.41667,0.98958
D-14,Claude Mythos Preview,model,frontier_model,assets/ponchi/final/D-14.webp,97,high,,,light_review,required,official_logo_applied,assets/logos/anthropic/anthropic-media-resources/Anthropic media resources/Anthropic logos/Claude logos/1 Claude logo/PNG/Claude logo - Slate.png,yes,no,no,no,pass,0.007252,59.6,99,99,98,94,92,98,100,247.600,0.01152,10.985,0.06380,0.19141,0.42383,0.96875,0.43750,0.96875
D-20,GPT-5 系,model,openai,assets/ponchi/final/D-20.webp,89,high,,,light_review,required,official_logo_applied,assets/logos/openai/openai_wordmark_black_official_template_layer.png,yes,no,no,no,pass,0.001409,74.8,95,94,96,72,70,98,100,243.682,0.02465,17.747,0.09993,0.19553,0.45356,0.98958,0.45833,0.98958
D-21,GPT-4 系,model,openai,assets/ponchi/final/D-21.webp,87,high,濃淡,濃淡,light_review,required,official_logo_applied,assets/logos/openai/openai_wordmark_black_official_template_layer.png,yes,no,no,no,pass,0.002288,68.3,94,92,95,66,71,98,100,243.034,0.02769,18.985,0.09907,0.19195,0.43924,0.95833,0.45833,1.00000
D-22,o1 系,model,openai,assets/ponchi/final/D-22.webp,94,high,,,light_review,required,official_logo_applied,assets/logos/openai/openai_wordmark_black_official_template_layer.png,yes,no,no,no,pass,0.007648,59.8,96,96,99,81,93,98,100,244.658,0.01567,15.990,0.07812,0.19314,0.43750,1.00000,0.43750,1.00000
D-23,o3 系,model,openai,assets/ponchi/final/D-23.webp,93,high,,,light_review,required,official_logo_applied,assets/logos/openai/openai_wordmark_black_official_template_layer.png,yes,no,no,no,pass,0.000810,79.3,96,96,100,86,92,87,100,244.767,0.01587,14.989,0.07932,0.24251,0.43859,0.97917,0.44792,1.00000
D-24,GPT-3 系,model,openai,assets/ponchi/final/D-24.webp,82,mid,濃淡;線密度,濃淡;線密度,visual_review,required,official_logo_applied,assets/logos/openai/openai_wordmark_black_official_template_layer.png,yes,no,no,no,pass,0.001405,89.1,91,90,93,59,53,94,100,241.640,0.03129,20.348,0.11686,0.21376,0.44325,0.98958,0.44792,0.98958
D-25,GPT-1 / GPT-2 系,model,openai,assets/ponchi/final/D-25.webp,88,high,線密度,線密度,light_review,required,official_logo_applied,assets/logos/openai/openai_wordmark_black_official_template_layer.png,yes,no,no,no,pass,0.001463,89.5,95,94,97,74,68,95,100,243.614,0.02239,17.531,0.10243,0.20747,0.45833,1.00000,0.45833,1.00000
D-26,gpt-oss,model,openai,assets/ponchi/final/D-26.webp,88,high,線密度,線密度,light_review,required,official_logo_applied,assets/logos/openai/openai_wordmark_black_official_template_layer.png,yes,no,no,no,pass,0.001951,85.9,95,94,96,73,65,99,100,243.766,0.02504,17.593,0.10482,0.18967,0.45356,0.98958,0.45833,0.98958
D-30,Grok 系,model,xai,assets/ponchi/final/D-30.webp,99,high,,,light_review,required,official_logo_applied,assets/logos/xai/xai-favicon.ico,yes,no,no,no,pass,0.001216,73.8,99,99,98,97,100,99,100,246.622,0.02102,12.934,0.07140,0.18132,0.40202,0.98958,0.40625,0.98958
D-35,Cursor Composer,model,other_closed,assets/ponchi/final/D-35.webp,91,high,,sparse_logo_diagram,sparse_diagram_review,required,official_logo_applied,assets/logos/cursor/cursor-brand-assets/General Logos/Lockup Horizontal/PNG/LOCKUP_HORIZONTAL_2D_LIGHT.png,yes,no,no,yes,pass,0.003826,44.7,98,97,96,89,72,93,100,248.245,0.00884,10.081,0.04492,0.15245,0.43924,0.95833,0.45833,0.97917
D-40,Llama 系,model,open,assets/ponchi/final/D-40.webp,86,high,線密度,線密度,light_review,required,official_logo_applied,assets/logos/llama/llama-official-favicon.svg,yes,no,no,no,pass,0.005735,95.3,95,94,94,80,58,89,100,243.923,0.02956,16.284,0.11187,0.23492,0.45356,0.98958,0.45833,0.98958
D-41,Mistral 系,model,open,assets/ponchi/final/D-41.webp,89,high,,color_review;official_asset_color_context,light_review,required,official_logo_applied,assets/logos/mistral/mistral-cover-logo-icon-gradient.transparent.png,yes,no,no,no,review,0.011102,83.9,95,94,94,78,76,93,100,244.051,0.03003,16.634,0.09473,0.21788,0.46918,0.97917,0.47917,1.00000
D-42,Gemma 系,model,open,assets/ponchi/final/D-42.webp,94,high,,color_review;official_asset_color_context,light_review,required,official_logo_applied,assets/logos/google-deepmind/google_deepmind_48dp.svg,yes,no,no,no,review,0.014635,75.8,98,98,97,92,81,95,100,245.963,0.02387,13.796,0.08984,0.20660,0.43859,0.97917,0.44792,1.00000
D-43,Qwen 系,model,open,assets/ponchi/final/D-43.webp,96,high,,color_review;official_asset_color_context,light_review,required,official_logo_applied,assets/logos/qwen/qwen-logo-official-light-header.png,yes,no,no,no,review,0.017905,92.1,99,98,100,97,90,90,100,246.061,0.01672,12.761,0.08116,0.22895,0.44401,0.96875,0.45833,0.98958
D-44,Kimi,model,open,assets/ponchi/final/D-44.webp,92,high,,,light_review,required,official_logo_applied,assets/logos/kimi/kimi-icon-official.webp,yes,no,no,no,pass,0.007780,83.9,94,93,98,76,96,91,100,243.485,0.01337,16.993,0.06836,0.22569,0.42708,1.00000,0.42708,1.00000
D-45,GLM,model,open_weight_llm,assets/ponchi/final/D-45.webp,86,high,線密度,線密度,light_review,required,official_logo_applied,assets/logos/z-ai/z-ai-logo-official.512.png,yes,no,no,no,pass,0.001617,81.8,94,93,96,72,64,91,100,243.196,0.02603,17.832,0.10612,0.22298,0.45410,0.96875,0.46875,0.98958
D-46,DeepSeek V3,model,open,assets/ponchi/final/D-46.webp,91,high,,,light_review,required,official_logo_applied,assets/logos/deepseek/deepseek-logo-official.png,yes,no,no,no,pass,0.009251,92.3,96,95,96,83,84,91,100,244.625,0.02624,15.657,0.08735,0.22287,0.41374,0.96875,0.42708,0.98958
D-47,DeepSeek R1,model,open,assets/ponchi/final/D-47.webp,97,high,,,light_review,required,official_logo_applied,assets/logos/deepseek/deepseek-logo-official.png,yes,no,no,no,pass,0.008284,76.4,99,99,99,97,96,94,100,247.604,0.02003,11.640,0.07595,0.15592,0.42263,0.98958,0.42708,0.98958
D-50,DALL-E,model,image_video,assets/ponchi/final/D-50.webp,84,mid,濃淡;線密度,濃淡;線密度,visual_review,required,official_logo_applied,assets/logos/openai/openai_wordmark_black_official_template_layer.png,yes,no,no,no,pass,0.001735,93.0,92,91,94,63,63,93,100,242.235,0.02963,19.684,0.10710,0.21593,0.42383,0.96875,0.43750,0.98958
D-51,Imagen,model,image_video,assets/ponchi/final/D-51.webp,94,high,,,light_review,required,official_logo_applied,assets/logos/google-deepmind/google_deepmind_48dp.svg,yes,no,no,no,pass,0.007672,32.2,96,96,98,86,89,96,100,248.955,0.02034,9.415,0.06163,0.16862,0.40560,0.92708,0.43750,0.96875
D-52,Sora,model,image_video,assets/ponchi/final/D-52.webp,85,high,濃淡,濃淡,light_review,required,official_logo_applied,assets/logos/openai/openai_wordmark_black_official_template_layer.png,yes,no,no,no,pass,0.001627,99.3,92,91,95,68,76,84,100,242.208,0.02735,18.664,0.09484,0.25564,0.44325,0.98958,0.44792,0.98958
D-53,Veo,model,video_generation,assets/ponchi/final/D-53.webp,85,high,線密度,線密度;color_review;official_asset_color_context,light_review,required,official_logo_applied,assets/logos/google-deepmind/google_deepmind_48dp.svg,yes,no,no,no,review,0.014432,107.3,94,93,91,76,64,86,100,243.442,0.03568,16.965,0.10558,0.24729,0.43294,0.98958,0.43750,0.98958
D-54,Stable Diffusion,model,image_video,assets/ponchi/final/D-54.webp,80,mid,濃淡;線密度,濃淡;線密度,visual_review,required,official_logo_applied,assets/logos/stability-ai/stability-ai-white-dot-on-approved-blue-plate.png,yes,no,no,no,pass,0.002354,106.0,90,89,89,58,56,86,100,241.070,0.04005,20.623,0.11393,0.24718,0.46875,1.00000,0.46875,1.00000
D-55,Nano Banana,model,image_video,assets/ponchi/final/D-55.webp,85,high,濃淡,濃淡,light_review,required,official_logo_applied,assets/logos/gemini/gemini_sparkle_4g_512_lt.png,yes,no,no,no,pass,0.006484,86.1,92,90,90,59,75,93,100,241.829,0.03777,20.401,0.09559,0.21430,0.42839,0.97917,0.43750,1.00000
D-56,Seedance,model,video_generation,assets/ponchi/final/D-56.webp,87,high,濃淡,濃淡,light_review,not_available_after_source_review,logo_avoid,,no,no,no,no,pass,0.004028,90.9,93,92,95,68,75,92,100,242.883,0.02896,18.606,0.09603,0.22005,0.41667,1.00000,0.41667,1.00000
D-57,Flow,model,image_video,assets/ponchi/final/D-57.webp,73,mid,濃淡;線密度,濃淡;線密度,visual_review,required,official_logo_applied,assets/logos/google-flow/flow_favicon_w_on-approved-blue-plate.png,yes,no,no,no,pass,0.002517,118.7,85,83,85,37,48,84,100,238.088,0.04967,24.864,0.12131,0.25857,0.44922,0.95833,0.46875,1.00000
D-58,Whisk,model,image_video,assets/ponchi/final/D-58.webp,71,mid,濃淡;線密度,濃淡;線密度,visual_review,required,official_logo_applied,assets/logos/google-whisk/whisk_favicon_b.svg,yes,no,no,no,pass,0.002018,115.2,85,83,91,36,31,84,100,238.121,0.03742,25.037,0.13704,0.25532,0.44325,0.98958,0.44792,0.98958
D-60,AlphaGo,model,historical,assets/ponchi/final/D-60.webp,93,high,,,light_review,required,official_logo_applied,assets/logos/google-deepmind/google_deepmind_48dp.svg,yes,no,no,no,pass,0.007714,33.2,96,96,99,86,81,95,100,249.034,0.01957,9.453,0.05339,0.16178,0.39648,0.90625,0.43750,0.98958
D-70,Amical,model,ai_solution,assets/ponchi/final/D-70.webp,88,high,,,light_review,required,official_logo_applied,assets/logos/amical/amical-icon.png,yes,no,no,no,pass,0.008088,88.1,93,92,96,70,76,93,100,242.951,0.02609,18.298,0.09429,0.21517,0.46387,0.98958,0.46875,0.98958
D-71,Whisper,model,voice_audio,assets/ponchi/final/D-71.webp,85,high,濃淡,濃淡,light_review,required,official_logo_applied,assets/logos/openai/openai_wordmark_black_official_template_layer.png,yes,no,no,no,pass,0.004164,75.5,92,91,93,57,72,96,100,242.139,0.03159,20.894,0.09885,0.16667,0.42708,1.00000,0.42708,1.00000
E-1,SWE-Bench,benchmark,coding,assets/ponchi/final/E-1.webp,89,high,,,light_review,not_needed,logo_avoid,,no,no,no,no,pass,0.001386,96.1,96,95,96,85,71,86,100,244.283,0.02597,15.314,0.09961,0.24935,0.44792,1.00000,0.44792,1.00000
E-2,SWE-Bench Verified,benchmark,coding,assets/ponchi/final/E-2.webp,88,high,,,light_review,not_needed,logo_avoid,,no,no,no,no,pass,0.001033,105.2,96,95,97,85,73,82,100,244.289,0.02258,15.161,0.09755,0.26411,0.38542,1.00000,0.38542,1.00000
E-3,Terminal-Bench,benchmark,coding,assets/ponchi/final/E-3.webp,81,mid,濃淡,濃淡,visual_review,not_needed,logo_avoid,,no,no,no,no,pass,0.003831,62.8,86,83,84,30,86,96,100,238.402,0.05296,26.294,0.08474,0.20161,0.34679,0.97917,0.35417,0.97917
E-4,HumanEval,benchmark,coding,assets/ponchi/final/E-4.webp,97,high,,,light_review,not_needed,logo_avoid,,no,no,no,no,pass,0.000440,61.5,100,100,100,99,90,94,100,246.953,0.01642,12.055,0.06217,0.21278,0.42459,0.94792,0.44792,0.98958
E-20,MMLU,benchmark,reasoning,assets/ponchi/final/E-20.webp,96,high,,,light_review,not_needed,logo_avoid,,no,no,no,no,pass,0.000972,97.3,100,100,100,99,89,89,100,246.687,0.01642,12.121,0.08247,0.23579,0.40799,0.97917,0.41667,1.00000
E-21,MMLU-Pro,benchmark,reasoning,assets/ponchi/final/E-21.webp,96,high,,,light_review,not_needed,logo_avoid,,no,no,no,no,pass,0.000674,80.1,99,98,98,95,86,96,100,247.713,0.01257,11.155,0.08474,0.20443,0.36328,0.96875,0.37500,0.98958
E-22,GPQA,benchmark,reasoning,assets/ponchi/final/E-22.webp,92,high,,,light_review,not_needed,logo_avoid,,no,no,no,no,pass,0.001455,93.5,96,95,97,82,90,90,100,244.425,0.02392,15.924,0.08095,0.22873,0.38759,0.97917,0.39583,0.97917
E-23,GSM8K,benchmark,reasoning,assets/ponchi/final/E-23.webp,99,high,,,light_review,not_needed,logo_avoid,,no,no,no,no,pass,0.000968,74.0,100,100,100,98,97,100,100,246.955,0.01753,12.620,0.07487,0.18283,0.35417,1.00000,0.35417,1.00000
E-24,MATH,benchmark,reasoning,assets/ponchi/final/E-24.webp,92,high,,,light_review,not_needed,logo_avoid,,no,no,no,no,pass,0.000618,92.3,95,94,97,84,99,82,100,244.095,0.02358,15.453,0.07303,0.26617,0.43750,1.00000,0.43750,1.00000
E-25,AIME,benchmark,reasoning,assets/ponchi/final/E-25.webp,96,high,,known_padding_2to1,composition_regen_review,not_needed,logo_avoid,,no,yes,no,no,pass,0.000857,95.0,99,99,99,99,96,86,100,246.275,0.01825,12.432,0.06814,0.24837,0.38140,0.98958,0.38542,0.98958
E-26,Humanity's Last Exam,benchmark,reasoning,assets/ponchi/final/E-26.webp,86,high,線密度,線密度;known_padding_2to1,composition_regen_review,not_needed,logo_avoid,,no,yes,no,no,pass,0.001775,93.1,94,92,94,73,69,87,100,242.949,0.03023,17.738,0.10102,0.24175,0.41526,0.92708,0.44792,0.98958
E-27,IQ Bench,benchmark,reasoning,assets/ponchi/final/E-27.webp,96,high,,known_padding_2to1,composition_regen_review,not_needed,logo_avoid,,no,yes,no,no,pass,0.000948,92.8,99,99,99,97,91,89,100,246.223,0.01907,12.888,0.08030,0.23286,0.42383,0.96875,0.43750,0.98958
E-30,TAU-Bench,benchmark,agent,assets/ponchi/final/E-30.webp,95,high,,known_padding_2to1,composition_regen_review,not_needed,logo_avoid,,no,yes,no,no,pass,0.001564,81.1,97,96,99,86,98,91,100,245.026,0.01977,14.965,0.07389,0.22493,0.38932,0.95833,0.40625,1.00000
E-31,WebArena,benchmark,agent,assets/ponchi/final/E-31.webp,94,high,,,light_review,not_needed,logo_avoid,,no,no,no,no,pass,0.000668,77.3,99,99,99,96,74,94,100,247.191,0.01887,11.367,0.04731,0.21257,0.43859,0.97917,0.44792,1.00000
E-32,GAIA,benchmark,agent,assets/ponchi/final/E-32.webp,94,high,,,light_review,not_needed,logo_avoid,,no,no,no,no,pass,0.000768,93.8,98,97,99,94,89,85,100,245.541,0.01860,13.475,0.06174,0.25098,0.43859,0.97917,0.44792,1.00000
E-33,AgentBench,benchmark,agent_benchmark,assets/ponchi/final/E-33.webp,87,high,,,light_review,not_needed,logo_avoid,,no,no,no,no,pass,0.002703,115.3,94,93,96,83,80,77,100,243.515,0.02619,15.542,0.09125,0.28624,0.44401,0.96875,0.45833,0.98958
E-34,OSWorld,benchmark,agent,assets/ponchi/final/E-34.webp,94,high,,,light_review,not_needed,logo_avoid,,no,no,no,no,pass,0.001582,81.7,97,97,96,89,88,94,100,245.412,0.02602,14.442,0.08312,0.21050,0.41819,0.97917,0.42708,1.00000
E-50,Chatbot Arena,benchmark,general,assets/ponchi/final/E-50.webp,94,high,,known_padding_2to1,composition_regen_review,not_needed,logo_avoid,,no,yes,no,no,pass,0.000674,69.3,99,99,99,97,82,88,100,246.224,0.01956,12.882,0.05501,0.23633,0.36719,0.97917,0.37500,1.00000
E-51,LMSYS Arena,benchmark,general,assets/ponchi/final/E-51.webp,93,high,,,light_review,not_needed,logo_avoid,,no,no,no,no,pass,0.001748,105.9,96,95,95,82,96,90,100,244.383,0.02713,15.898,0.07530,0.23090,0.43859,0.97917,0.44792,1.00000
F-1,JavaScript,term_tool,language,assets/ponchi/final/F-1.webp,95,high,,,light_review,not_needed,logo_avoid,,no,no,no,no,pass,0.000897,67.0,100,100,100,99,76,95,100,247.028,0.01625,11.965,0.04905,0.20605,0.39497,0.94792,0.41667,0.96875
F-2,TypeScript,term_tool,language,assets/ponchi/final/F-2.webp,91,high,,,light_review,not_needed,logo_avoid,,no,no,no,no,pass,0.000588,84.9,97,96,98,84,72,93,100,248.887,0.01284,8.951,0.04492,0.21463,0.35938,0.95833,0.37500,1.00000
F-3,Python,term_tool,language,assets/ponchi/final/F-3.webp,97,high,,,light_review,not_needed,logo_avoid,,no,no,no,no,pass,0.001207,78.9,100,100,100,100,86,94,100,246.905,0.01634,12.233,0.05881,0.20985,0.37739,0.97917,0.38542,1.00000
F-4,HTML,term_tool,language,assets/ponchi/final/F-4.webp,92,high,,,light_review,not_needed,logo_avoid,,no,no,no,no,pass,0.001169,72.7,95,94,96,82,96,85,100,244.091,0.02626,15.825,0.07541,0.25022,0.39497,0.94792,0.41667,0.96875
F-5,CSS,term_tool,language,assets/ponchi/final/F-5.webp,87,high,,,light_review,not_needed,logo_avoid,,no,no,no,no,pass,0.001603,80.1,92,91,92,71,87,82,100,242.289,0.03341,18.125,0.08464,0.26606,0.43294,0.98958,0.43750,0.98958
F-6,Markdown,term_tool,language,assets/ponchi/final/F-6.webp,95,high,,,light_review,not_needed,logo_avoid,,no,no,no,no,pass,0.000809,57.2,99,99,99,98,76,97,100,247.247,0.01537,11.805,0.04926,0.19846,0.35699,0.97917,0.36458,0.97917
F-7,YAML,term_tool,language,assets/ponchi/final/F-7.webp,92,high,,,light_review,not_needed,logo_avoid,,no,no,no,no,pass,0.000972,84.8,97,96,99,89,88,85,100,244.882,0.01894,14.533,0.06066,0.25141,0.39779,0.97917,0.40625,0.97917
F-8,JSON,term_tool,language,assets/ponchi/final/F-8.webp,95,high,,,light_review,not_needed,logo_avoid,,no,no,no,no,pass,0.001179,71.0,99,99,100,99,76,97,100,247.238,0.01583,11.997,0.04915,0.19640,0.38346,0.96875,0.39583,0.98958
F-9,SVG,term_tool,language,assets/ponchi/final/F-9.webp,97,high,,,light_review,not_needed,logo_avoid,,no,no,no,no,pass,0.000944,75.4,98,99,96,95,92,98,100,246.453,0.02623,13.340,0.07975,0.19173,0.37522,0.94792,0.39583,0.98958
F-10,React,term_tool,framework,assets/ponchi/final/F-10.webp,92,high,,,light_review,required,official_logo_applied,assets/logos/react/wordmark_light.svg,yes,no,no,no,pass,0.006062,78.8,96,95,98,83,87,92,100,244.596,0.02230,15.672,0.08398,0.22092,0.45898,0.97917,0.46875,1.00000
F-11,Next.js,term_tool,framework,assets/ponchi/final/F-11.webp,89,high,,,light_review,required,official_logo_applied,assets/logos/nextjs/nextjs-assets/NEXTJS/logotype/light-background/nextjs-logotype-light-background.svg,yes,no,no,no,pass,0.001407,89.8,94,93,98,83,88,78,100,243.539,0.02232,15.714,0.08355,0.28418,0.46387,0.98958,0.46875,0.98958
F-12,Electron,term_tool,framework,assets/ponchi/final/F-12.webp,98,high,,,light_review,required,official_logo_applied,assets/logos/electron/electron-logo-wide-black.svg,yes,no,no,no,pass,0.000967,68.8,99,99,100,99,94,98,100,247.370,0.01654,12.020,0.06608,0.17676,0.41819,0.97917,0.42708,0.97917
F-13,Tauri,term_tool,framework,assets/ponchi/final/F-13.webp,94,high,,,light_review,required,official_logo_applied,assets/logos/tauri/logopack/TAURI LOGOPACK/TAURI Monochrome/TAURI_Logo_Mono_Black.svg,yes,no,no,no,pass,0.001426,75.2,96,96,98,82,91,96,100,244.775,0.02044,15.781,0.07997,0.20312,0.43392,0.96875,0.44792,0.96875
F-14,three.js,term_tool,framework,assets/ponchi/final/F-14.webp,90,high,線密度,線密度,light_review,required,official_logo_applied,assets/logos/threejs/icon.svg,yes,no,no,no,pass,0.002046,94.8,97,97,97,88,66,93,100,245.289,0.02321,14.657,0.10384,0.21723,0.39779,0.97917,0.40625,1.00000
F-15,shadcn/ui,term_tool,framework,assets/ponchi/final/F-15.webp,93,high,,,light_review,required,official_logo_applied,assets/logos/shadcn-ui/apple-touch-icon.png,yes,no,no,no,pass,0.001338,88.7,95,95,99,84,97,85,100,244.179,0.01986,15.431,0.06944,0.25130,0.44878,0.97917,0.45833,1.00000
F-16,Tailwind CSS,term_tool,framework,assets/ponchi/final/F-16.webp,90,high,,,light_review,required,official_logo_applied,assets/logos/tailwindcss/tailwindcss-logotype.svg,yes,no,no,no,pass,0.002123,88.9,96,95,96,87,84,83,100,244.487,0.02461,14.768,0.08681,0.26172,0.45356,0.98958,0.45833,0.98958
F-17,Astro,term_tool,framework,assets/ponchi/final/F-17.webp,94,high,,,light_review,required,official_logo_applied,assets/logos/astro/astro-logo-dark.svg,yes,no,no,no,pass,0.001136,94.9,97,97,98,92,98,85,100,245.390,0.02108,13.924,0.06988,0.25011,0.40799,0.97917,0.41667,1.00000
F-20,ESLint,term_tool,linter,assets/ponchi/final/F-20.webp,95,high,,,light_review,required,official_logo_applied,assets/logos/eslint/eslint-logo-color.svg,yes,no,no,no,pass,0.009529,76.2,97,96,99,88,99,89,100,245.103,0.01968,14.673,0.07107,0.23470,0.42839,0.97917,0.43750,0.97917
F-21,Prettier,term_tool,formatter,assets/ponchi/final/F-21.webp,96,high,,,light_review,required,official_logo_applied,assets/logos/prettier/prettier-centered-logo-static.svg,yes,no,no,no,pass,0.005530,69.8,99,99,99,95,87,98,100,246.435,0.01899,13.231,0.05946,0.19347,0.42839,0.97917,0.43750,0.97917
F-30,VS Code,term_tool,editor,assets/ponchi/final/F-30.webp,89,high,,color_review;official_asset_color_context,light_review,required,official_logo_applied,assets/logos/vscode/visual-studio-code-icons/visual-studio-code-icons/vscode.svg,yes,no,no,no,review,0.013574,63.9,95,94,92,81,81,87,100,244.098,0.03433,16.006,0.05382,0.24371,0.44325,0.98958,0.44792,0.98958
F-34,VS Code 拡張機能,term_tool,editor,assets/ponchi/final/F-34.webp,91,high,,color_review;official_asset_color_context,light_review,required,official_logo_applied,assets/logos/vscode/visual-studio-code-icons/visual-studio-code-icons/vscode.svg,yes,no,no,no,review,0.015132,81.1,94,93,92,76,98,86,100,243.376,0.03383,17.055,0.07389,0.24859,0.42839,0.97917,0.43750,0.97917
F-35,Markdown Preview Enhanced,term_tool,editor_ext,assets/ponchi/final/F-35.webp,92,high,,color_review;official_asset_color_context,light_review,required,official_logo_applied,assets/logos/markdown-preview-enhanced/mpe.png,yes,no,no,no,review,0.010856,76.4,96,95,94,82,88,93,100,244.469,0.02906,15.796,0.08301,0.21484,0.42925,0.95833,0.44792,0.97917
F-36,Git Graph,term_tool,editor_ext,assets/ponchi/final/F-36.webp,97,high,,,light_review,required,official_logo_applied,assets/logos/git-graph/git-graph-icon.png,yes,no,no,no,pass,0.005419,60.3,99,99,100,98,91,96,100,247.555,0.01641,11.760,0.06359,0.16656,0.44434,0.94792,0.46875,0.98958
F-37,Japanese Language Pack for VS Code,term_tool,editor_ext,assets/ponchi/final/F-37.webp,95,high,,,light_review,required,official_logo_applied,assets/logos/vscode-language-pack-ja/languagepack.png,yes,no,no,no,pass,0.005436,64.9,99,99,100,99,79,95,100,247.370,0.01776,12.018,0.05197,0.16157,0.40799,0.97917,0.41667,1.00000
F-38,Markdown All in One,term_tool,editor_ext,assets/ponchi/final/F-38.webp,98,high,,,light_review,required,official_logo_applied,assets/logos/markdown-all-in-one/Markdown-mark.png,yes,no,no,no,pass,0.001650,67.9,99,99,100,94,96,97,100,246.302,0.01673,13.407,0.06771,0.19629,0.42839,0.97917,0.43750,0.97917
F-40,npm,term_tool,cli_build,assets/ponchi/final/F-40.webp,90,high,,,light_review,required,official_logo_applied,assets/logos/npm/npm-logo-black.svg,yes,no,no,no,pass,0.002174,60.7,94,93,98,72,81,96,100,243.444,0.02114,17.852,0.09028,0.20388,0.43392,0.96875,0.44792,0.98958
F-41,Vite,term_tool,cli_build,assets/ponchi/final/F-41.webp,98,high,,,light_review,required,official_logo_applied,assets/logos/vite/vite-dark.svg,yes,no,no,no,pass,0.005625,66.2,99,99,99,92,98,98,100,246.218,0.01993,13.926,0.06988,0.17578,0.44325,0.98958,0.44792,0.98958
F-42,ビルド,term_tool,cli_build,assets/ponchi/final/F-42.webp,96,high,,,light_review,not_needed,logo_avoid,,no,no,no,no,pass,0.001226,84.8,99,99,99,95,90,94,100,246.207,0.01972,13.226,0.06228,0.21072,0.36534,0.94792,0.38542,0.98958
F-44,pnpm,term_tool,cli_build,assets/ponchi/final/F-44.webp,90,high,,color_review;official_asset_color_context,light_review,required,official_logo_applied,assets/logos/pnpm/pnpm-standard.svg,yes,no,no,no,review,0.018611,79.1,95,95,95,81,75,95,100,244.447,0.02685,16.061,0.09516,0.20551,0.42839,0.97917,0.43750,1.00000
F-50,git,term_tool,git,assets/ponchi/final/F-50.webp,89,high,,,light_review,required,official_logo_applied,assets/logos/git/Git-Logo-Black.svg,yes,no,no,no,pass,0.001098,77.5,94,94,100,77,76,91,100,243.682,0.01710,16.927,0.09451,0.22721,0.43294,0.98958,0.43750,0.98958
F-51,git push,term_tool,git,assets/ponchi/final/F-51.webp,95,high,,,light_review,not_needed,logo_avoid,,no,no,no,no,pass,0.000916,62.1,99,98,99,97,82,96,100,247.725,0.01476,11.570,0.05458,0.16873,0.37109,0.98958,0.37500,0.98958
F-52,git pull,term_tool,git,assets/ponchi/final/F-52.webp,97,high,,,light_review,not_needed,logo_avoid,,no,no,no,no,pass,0.001826,68.0,98,98,98,90,95,99,100,245.916,0.02116,14.202,0.06684,0.19108,0.41233,0.98958,0.41667,0.98958
F-53,branch,term_tool,git,assets/ponchi/final/F-53.webp,98,high,,,light_review,not_needed,logo_avoid,,no,no,no,no,pass,0.001664,68.6,99,100,100,98,92,98,100,247.020,0.01636,12.599,0.06402,0.17622,0.38140,0.98958,0.38542,0.98958
F-54,commit,term_tool,git,assets/ponchi/final/F-54.webp,98,high,,,light_review,not_needed,logo_avoid,,no,no,no,no,pass,0.000701,64.4,100,100,99,99,90,100,100,246.996,0.01567,12.468,0.06272,0.18446,0.40202,0.98958,0.40625,0.98958
F-55,merge,term_tool,git,assets/ponchi/final/F-55.webp,92,high,,,light_review,not_needed,logo_avoid,,no,no,no,no,pass,0.001037,50.0,97,96,98,90,79,90,100,248.725,0.01229,10.261,0.05219,0.14128,0.35048,0.98958,0.35417,0.98958
F-56,.gitignore,term_tool,git,assets/ponchi/final/F-56.webp,98,high,,,light_review,not_needed,logo_avoid,,no,no,no,no,pass,0.001240,68.3,100,100,100,100,86,100,100,247.068,0.01694,12.240,0.05892,0.18566,0.40929,0.95833,0.42708,1.00000
F-57,リポジトリ,term_tool,git,assets/ponchi/final/F-57.webp,96,high,,,light_review,not_needed,logo_avoid,,no,no,no,no,pass,0.001597,66.0,98,97,100,91,98,91,100,245.640,0.01758,14.063,0.06988,0.22624,0.45356,0.98958,0.45833,0.98958
F-58,git stash,term_tool,git,assets/ponchi/final/F-58.webp,96,high,,,light_review,not_needed,logo_avoid,,no,no,no,no,pass,0.001206,72.6,99,99,99,96,88,96,100,247.383,0.01464,11.474,0.06022,0.20302,0.38140,0.98958,0.38542,0.98958
F-59,README.md,term_tool,git,assets/ponchi/final/F-59.webp,97,high,,,light_review,not_needed,logo_avoid,,no,no,no,no,pass,0.000857,65.8,99,99,100,97,87,100,100,247.484,0.01686,11.635,0.05935,0.18490,0.37500,1.00000,0.37500,1.00000
F-60,GitHub,term_tool,github,assets/ponchi/final/F-60.webp,90,high,,,light_review,required,official_logo_applied,assets/logos/github/GitHub_Logos/GitHub Logos/PNG/GitHub_Lockup_Black_Clearspace.png,yes,no,no,no,pass,0.001772,81.4,95,94,99,79,83,88,100,243.928,0.01939,16.395,0.08789,0.24067,0.39355,0.96875,0.40625,0.98958
F-61,Pull Request,term_tool,github,assets/ponchi/final/F-61.webp,92,high,,,light_review,required,official_logo_applied,assets/logos/github/GitHub_Logos/GitHub Logos/PNG/GitHub_Lockup_Black_Clearspace.png,yes,no,no,no,pass,0.002475,77.3,96,95,98,79,83,96,100,244.224,0.02235,16.518,0.08832,0.20356,0.41819,0.97917,0.42708,1.00000
F-62,GitHub Actions,term_tool,github,assets/ponchi/final/F-62.webp,97,high,,,light_review,required,official_logo_applied,assets/logos/github/GitHub_Logos/GitHub Logos/PNG/GitHub_Lockup_Black_Clearspace.png,yes,no,no,no,pass,0.001157,75.0,98,98,99,92,96,97,100,245.933,0.01483,13.886,0.07595,0.19661,0.41233,0.98958,0.41667,0.98958
F-71,ripgrep (rg),term_tool,search,assets/ponchi/final/F-71.webp,93,high,,,light_review,not_needed,logo_avoid,,no,no,no,no,pass,0.000748,49.8,98,98,99,95,71,97,100,247.949,0.01376,11.184,0.04449,0.17307,0.32943,0.95833,0.34375,0.97917
F-80,Node.js,term_tool,runtime,assets/ponchi/final/F-80.webp,94,high,,,light_review,required,official_logo_applied,assets/logos/nodejs/nodejsDark.svg,yes,no,no,no,pass,0.006993,77.5,97,97,99,88,88,95,100,245.325,0.01921,14.723,0.08355,0.20909,0.42839,0.97917,0.43750,1.00000
F-81,bash,term_tool,shell,assets/ponchi/final/F-81.webp,95,high,,,light_review,not_needed,logo_avoid,,no,no,no,no,pass,0.000734,66.5,97,96,100,87,94,94,100,245.125,0.01683,14.758,0.06608,0.21246,0.38759,0.97917,0.39583,0.97917
F-82,WSL,term_tool,shell,assets/ponchi/final/F-82.webp,84,mid,濃淡,濃淡,visual_review,required,official_logo_applied,assets/logos/wsl/wsl-icon.svg,yes,no,no,no,pass,0.001811,68.0,89,87,91,48,82,94,100,240.465,0.03716,22.605,0.08887,0.21343,0.38759,0.97917,0.39583,0.97917
F-83,PowerShell,term_tool,shell,assets/ponchi/final/F-83.webp,95,high,,,light_review,required,official_logo_applied,assets/logos/powershell/logo-powershell-core.svg,yes,no,no,no,pass,0.001606,76.4,97,96,98,87,99,93,100,245.105,0.02018,14.912,0.07086,0.21658,0.39779,0.97917,0.40625,0.97917
F-84,Ghostty,term_tool,terminal,assets/ponchi/final/F-84.webp,56,low,色味;明るさ;濃淡;線密度;外れ値,色味;明るさ;濃淡;線密度;外れ値,full_regen_review,required,official_logo_applied,assets/logos/ghostty/social-share-card.jpg,yes,no,no,no,pass,0.003685,63.9,59,51,67,0,55,77,100,221.817,0.09032,49.134,0.11458,0.28809,0.41471,0.94792,0.43750,0.96875
F-85,SuperClaude Framework,term_tool,framework,assets/ponchi/final/F-85.webp,97,high,,,light_review,not_available_after_source_review,logo_avoid,,no,no,no,no,pass,0.000675,65.3,99,100,99,100,84,99,100,247.164,0.01472,12.239,0.05621,0.19032,0.32986,0.98958,0.33333,0.98958
F-86,ollama,term_tool,runtime,assets/ponchi/final/F-86.webp,98,high,,,light_review,required,official_logo_applied,assets/logos/ollama/logo-image.png,yes,no,no,no,pass,0.000890,63.7,99,99,99,94,99,99,100,246.480,0.01485,13.381,0.07107,0.18924,0.40799,0.97917,0.41667,0.97917
F-87,sudo,term_tool,shell,assets/ponchi/final/F-87.webp,98,high,,,light_review,not_needed,logo_avoid,,no,no,no,no,pass,0.001534,65.5,100,100,99,98,89,99,100,246.936,0.01864,12.731,0.06109,0.17817,0.36328,0.96875,0.37500,0.96875
F-90,Docker,term_tool,container,assets/ponchi/final/F-90.webp,90,high,,,light_review,required,official_logo_applied,assets/logos/docker/Docker-Logos-1/docker-logos/SVG/docker-logo-black.svg,yes,no,no,no,pass,0.001525,77.3,95,94,98,78,79,94,100,244.063,0.02021,16.666,0.09191,0.21322,0.42383,0.96875,0.43750,0.96875
F-91,.env,term_tool,env,assets/ponchi/final/F-91.webp,96,high,,,light_review,not_needed,logo_avoid,,no,no,no,no,pass,0.001327,71.6,99,99,100,98,84,98,100,247.413,0.01631,11.752,0.05707,0.19271,0.37739,0.97917,0.38542,0.97917
F-100,拡張子早見表,term_tool,file_format,assets/ponchi/final/F-100.webp,95,high,,,light_review,not_needed,logo_avoid,,no,no,no,no,pass,0.001010,99.4,98,97,99,95,97,87,100,245.554,0.01822,13.322,0.07454,0.24371,0.43294,0.98958,0.43750,0.98958
F-101,.ico,term_tool,file_format,assets/ponchi/final/F-101.webp,96,high,,,light_review,not_needed,logo_avoid,,no,no,no,no,pass,0.001587,80.3,99,98,99,92,92,96,100,246.018,0.02008,13.786,0.07975,0.20117,0.38140,0.98958,0.38542,0.98958
F-102,.mp4,term_tool,file_format,assets/ponchi/final/F-102.webp,87,high,線密度,線密度,light_review,not_needed,logo_avoid,,no,no,no,no,pass,0.001257,82.5,95,94,95,73,63,97,100,243.763,0.02729,17.725,0.10666,0.19596,0.32986,0.98958,0.33333,0.98958
F-103,.mp3,term_tool,file_format,assets/ponchi/final/F-103.webp,98,high,,,light_review,not_needed,logo_avoid,,no,no,no,no,pass,0.000771,66.9,99,99,100,91,99,97,100,246.202,0.01788,13.983,0.07248,0.17307,0.33659,0.97917,0.34375,0.97917
F-104,.webp,term_tool,file_format,assets/ponchi/final/F-104.webp,85,high,濃淡;線密度,濃淡;線密度,light_review,not_needed,logo_avoid,,no,no,no,no,pass,0.001843,77.9,93,91,91,67,69,89,100,242.389,0.03713,18.936,0.10091,0.23318,0.36079,0.98958,0.36458,0.98958
F-110,Lighthouse,term_tool,quality,assets/ponchi/final/F-110.webp,91,high,,color_fail;official_asset_color_context,official_overlay_color_review,required,official_logo_applied,assets/logos/lighthouse/lighthouse-logo.svg,yes,no,no,no,fail,0.021873,60.7,96,95,93,77,77,99,100,244.330,0.03249,16.927,0.09353,0.18880,0.41819,0.97917,0.42708,0.97917
F-111,a11y,term_tool,quality,assets/ponchi/final/F-111.webp,93,high,,,light_review,not_needed,logo_avoid,,no,no,no,no,pass,0.001243,86.4,97,96,99,86,85,92,100,245.000,0.01822,15.026,0.08572,0.22168,0.35699,0.97917,0.36458,1.00000
F-120,PostgreSQL,term_tool,database,assets/ponchi/final/F-120.webp,90,high,,,light_review,required,official_logo_applied,assets/logos/postgresql/elephant.png,yes,no,no,no,pass,0.001898,83.8,95,94,96,78,83,92,100,243.992,0.02500,16.653,0.08843,0.22157,0.41374,0.96875,0.42708,0.96875
F-121,SQLite,term_tool,database,assets/ponchi/final/F-121.webp,92,high,,color_review;official_asset_color_context,light_review,required,official_logo_applied,assets/logos/sqlite/sqlite370_banner.svg,yes,no,no,no,review,0.013656,70.0,95,95,96,78,92,94,100,244.196,0.02562,16.604,0.07921,0.21050,0.43294,0.98958,0.43750,0.98958
F-122,Prisma,term_tool,orm,assets/ponchi/final/F-122.webp,96,high,,,light_review,required,official_logo_applied,assets/logos/prisma/logo-dark.svg,yes,no,no,no,pass,0.001503,81.5,98,97,100,91,100,92,100,245.519,0.01659,14.118,0.07205,0.22276,0.43294,0.98958,0.43750,0.98958
F-123,ORM,term_tool,orm,assets/ponchi/final/F-123.webp,92,high,,,light_review,not_needed,logo_avoid,,no,no,no,no,pass,0.000360,55.5,97,97,98,89,71,98,100,248.514,0.02080,9.974,0.04470,0.19347,0.38759,0.97917,0.39583,1.00000
F-130,OAuth,term_tool,auth,assets/ponchi/final/F-130.webp,96,high,,,light_review,not_needed,logo_avoid,,no,no,no,no,pass,0.000086,86.5,98,98,94,94,97,94,100,245.953,0.03058,13.538,0.06923,0.21365,0.40365,0.96875,0.41667,0.98958
F-140,Mermaid,term_tool,diagram,assets/ponchi/final/F-140.webp,92,high,,color_review;official_asset_color_context,light_review,required,official_logo_applied,assets/logos/mermaid/mermaid-logo-horizontal.svg,yes,no,no,no,review,0.019822,48.6,97,98,95,98,73,90,100,247.768,0.02734,11.853,0.04622,0.14149,0.42925,0.95833,0.44792,0.97917
F-141,PlantUML,term_tool,diagram,assets/ponchi/final/F-141.webp,92,high,,,light_review,required,official_logo_applied,assets/logos/plantuml/logo3.png,yes,no,no,no,pass,0.005159,66.9,98,98,97,94,77,87,100,248.141,0.02437,11.038,0.04970,0.12728,0.39355,0.96875,0.40625,0.96875
F-150,MIT ライセンス,term_tool,license,assets/ponchi/final/F-150.webp,96,high,,,light_review,not_needed,logo_avoid,,no,no,no,no,pass,0.000162,60.5,99,100,95,97,86,97,100,246.958,0.02819,12.936,0.05881,0.17057,0.30946,0.95833,0.32292,0.97917
F-151,Apache 2.0,term_tool,license,assets/ponchi/final/F-151.webp,93,high,,,light_review,not_needed,logo_avoid,,no,no,no,no,pass,0.000719,77.0,96,95,90,78,94,98,100,244.406,0.03789,16.545,0.07758,0.19141,0.44325,0.98958,0.44792,0.98958
F-152,GPL,term_tool,license,assets/ponchi/final/F-152.webp,96,high,,,light_review,not_needed,logo_avoid,,no,no,no,no,pass,0.000247,67.6,98,98,93,90,93,100,100,246.024,0.03212,14.270,0.06521,0.18403,0.34310,0.96875,0.35417,0.96875
F-153,Creative Commons,term_tool,license,assets/ponchi/final/F-153.webp,95,high,,,light_review,required,official_logo_applied,assets/logos/creative-commons/cc.logo.svg,yes,no,no,no,pass,0.000132,68.9,98,97,95,86,92,98,100,245.597,0.02798,15.073,0.07899,0.17361,0.41927,0.95833,0.43750,0.97917
F-154,OSS,term_tool,license,assets/ponchi/final/F-154.webp,95,high,,,light_review,not_needed,logo_avoid,,no,no,no,no,pass,0.000340,83.5,98,98,93,90,90,98,100,245.919,0.03229,14.309,0.08127,0.17687,0.41819,0.97917,0.42708,1.00000
F-160,DOM,term_tool,web_foundation,assets/ponchi/final/F-160.webp,93,high,線密度,線密度,light_review,not_needed,logo_avoid,,no,no,no,no,pass,0.000177,84.2,98,100,94,99,69,95,100,246.849,0.03039,12.006,0.04243,0.20573,0.42383,0.96875,0.43750,0.96875
F-161,SSR,term_tool,web_foundation,assets/ponchi/final/F-161.webp,92,high,線密度,線密度,light_review,not_needed,logo_avoid,,no,no,no,no,pass,0.000039,45.4,97,98,96,96,67,93,100,248.090,0.02645,11.400,0.04080,0.15213,0.34679,0.97917,0.35417,0.97917
F-162,SSG,term_tool,web_foundation,assets/ponchi/final/F-162.webp,96,high,,,light_review,not_needed,logo_avoid,,no,no,no,no,pass,0.000156,61.2,98,100,94,96,86,97,100,246.957,0.02960,12.963,0.05881,0.17177,0.36328,0.96875,0.37500,0.96875
F-170,EC2,term_tool,cloud_service,assets/ponchi/final/F-170.webp,94,high,,color_fail;official_asset_color_context,official_overlay_color_review,required,official_logo_applied,assets/logos/aws/aws-architecture-icons-2026-01-30/Architecture-Service-Icons_01302026/Arch_Compute/64/Arch_Amazon-EC2_64.svg,yes,no,no,no,fail,0.035057,71.9,97,98,89,89,82,100,100,245.813,0.04160,14.408,0.05469,0.18327,0.41819,0.97917,0.42708,1.00000
F-171,S3,term_tool,cloud_service,assets/ponchi/final/F-171.webp,94,high,,color_fail;official_asset_color_context,official_overlay_color_review,required,official_logo_applied,assets/logos/aws/aws-architecture-icons-2026-01-30/Architecture-Service-Icons_01302026/Arch_Storage/64/Arch_Amazon-Simple-Storage-Service_64.svg,yes,no,no,no,fail,0.035549,64.7,97,98,90,87,87,98,100,245.774,0.03880,14.812,0.05979,0.17578,0.37934,0.95833,0.39583,0.97917
F-172,IAM,term_tool,cloud_service,assets/ponchi/final/F-172.webp,92,high,,color_fail;official_asset_color_context,official_overlay_color_review,required,official_logo_applied,assets/logos/aws/aws-architecture-icons-2026-01-30/Architecture-Service-Icons_01302026/Arch_Security-Identity/64/Arch_AWS-Identity-and-Access-Management_64.svg,yes,no,no,no,fail,0.034384,56.4,97,97,91,79,92,92,100,245.158,0.03685,16.405,0.07899,0.14627,0.42383,0.96875,0.43750,0.96875
F-180,OpenGL,term_tool,graphics,assets/ponchi/final/F-180.webp,94,high,,,light_review,required,official_logo_applied,assets/logos/khronos/opengl.svg,yes,no,no,no,pass,0.000235,78.5,97,97,91,82,94,97,100,245.189,0.03695,15.840,0.07758,0.17046,0.40202,0.98958,0.40625,0.98958
F-181,WebGL,term_tool,graphics_api,assets/ponchi/final/F-181.webp,93,high,,color_review;official_asset_color_context,light_review,required,official_logo_applied,assets/logos/khronos/WebGL-Logo.svg,yes,no,no,no,review,0.016580,95.5,97,96,91,82,92,95,100,244.633,0.03668,15.916,0.07964,0.20671,0.42263,0.98958,0.42708,0.98958
F-190,サブルーチン,term_tool,programming_basic,assets/ponchi/final/F-190.webp,94,high,,,light_review,not_needed,logo_avoid,,no,no,no,no,pass,0.000823,66.3,99,100,95,95,79,96,100,246.766,0.02727,13.235,0.05154,0.16819,0.39497,0.94792,0.41667,0.94792
F-200,Rust,term_tool,language,assets/ponchi/final/F-200.webp,88,high,濃淡,濃淡,light_review,required,official_logo_applied,assets/logos/rust/rust-logo.svg,yes,no,no,no,pass,0.000453,70.3,94,93,94,65,79,95,100,243.260,0.03063,19.298,0.09201,0.16298,0.37739,0.97917,0.38542,0.97917
G-1,Context (コンテキスト),term_llm,basic,assets/ponchi/final/G-1.webp,92,high,線密度,線密度,light_review,not_needed,logo_avoid,,no,no,no,no,pass,0.000209,73.1,98,98,97,91,65,98,100,248.141,0.02305,10.502,0.03863,0.19217,0.41374,0.96875,0.42708,0.96875
G-2,Token,term_llm,basic,assets/ponchi/final/G-2.webp,96,high,,,light_review,not_needed,logo_avoid,,no,no,no,no,pass,0.000086,86.5,98,98,94,94,97,94,100,245.953,0.03058,13.538,0.06923,0.21365,0.40365,0.96875,0.41667,0.98958
G-3,Dictation,term_llm,basic,assets/ponchi/final/G-3.webp,95,high,,,light_review,not_needed,logo_avoid,,no,no,no,no,pass,0.000151,61.2,98,98,92,89,91,96,100,246.029,0.03392,14.516,0.06283,0.16732,0.33301,0.96875,0.34375,0.96875
G-4,System Prompt,term_llm,basic,assets/ponchi/final/G-4.webp,94,high,,,light_review,not_needed,logo_avoid,,no,no,no,no,pass,0.000243,60.9,98,99,94,93,81,96,100,246.537,0.03115,13.666,0.05414,0.16753,0.32639,0.97917,0.33333,0.97917
G-5,Context Window,term_llm,basic,assets/ponchi/final/G-5.webp,93,high,線密度,線密度,light_review,not_needed,logo_avoid,,no,no,no,no,pass,0.000121,64.3,98,99,95,95,68,99,100,247.680,0.02685,11.217,0.04112,0.18012,0.33333,1.00000,0.33333,1.00000
G-6,One-shot,term_llm,basic,assets/ponchi/final/G-6.webp,89,high,,,light_review,not_needed,logo_avoid,,no,no,no,no,pass,0.000415,97.6,94,94,89,83,89,83,100,243.672,0.04164,15.544,0.06141,0.26248,0.46387,0.98958,0.46875,0.98958
G-7,指示追従性,term_llm,basic,assets/ponchi/final/G-7.webp,90,high,線密度,線密度,light_review,not_needed,logo_avoid,,no,no,no,no,pass,0.000064,72.9,96,96,98,84,61,98,100,249.150,0.02125,8.982,0.03440,0.17480,0.38346,0.96875,0.39583,0.98958
G-8,決定論的／非決定論的,term_llm,basic,assets/ponchi/final/G-8.webp,93,high,,,light_review,not_needed,logo_avoid,,no,no,no,no,pass,0.000651,68.6,98,98,96,97,74,95,100,247.826,0.02512,11.645,0.04742,0.16222,0.36079,0.98958,0.36458,0.98958
G-9,effort レベル,term_llm,basic,assets/ponchi/final/G-9.webp,93,high,,,light_review,not_needed,logo_avoid,,no,no,no,no,pass,0.000277,58.1,98,98,97,96,70,96,100,247.935,0.02376,11.351,0.04297,0.16623,0.38759,0.97917,0.39583,1.00000
G-10,Prompt Engineering,term_llm,technique,assets/ponchi/final/G-10.webp,92,high,線密度,線密度,light_review,not_needed,logo_avoid,,no,no,no,no,pass,0.000056,60.3,97,97,97,92,66,99,100,248.230,0.02298,10.715,0.03950,0.17784,0.33941,0.95833,0.35417,0.95833
G-11,Context Engineering,term_llm,technique,assets/ponchi/final/G-11.webp,91,high,線密度,線密度,light_review,not_needed,logo_avoid,,no,no,no,no,pass,0.000053,65.3,97,97,97,90,63,96,100,248.555,0.02298,10.213,0.03668,0.16764,0.29167,1.00000,0.29167,1.00000
G-12,Agent Design,term_llm,technique,assets/ponchi/final/G-12.webp,96,high,,,light_review,not_needed,logo_avoid,,no,no,no,no,pass,0.000084,81.7,98,99,94,97,82,100,100,246.600,0.03068,12.876,0.05512,0.18370,0.41819,0.97917,0.42708,0.97917
G-13,Few-shot Learning,term_llm,technique,assets/ponchi/final/G-13.webp,90,high,線密度,線密度,light_review,not_needed,logo_avoid,,no,no,no,no,pass,0.000032,53.6,97,97,97,91,68,90,100,248.625,0.02294,10.522,0.04102,0.13987,0.33659,0.97917,0.34375,0.97917
G-14,Thinking モデル,term_llm,technique,assets/ponchi/final/G-14.webp,94,high,,,light_review,not_needed,logo_avoid,,no,no,no,no,pass,0.000223,64.6,98,99,95,98,75,96,100,247.548,0.02720,11.868,0.04829,0.16526,0.37337,0.96875,0.38542,0.96875
G-15,RAG,term_llm,technique,assets/ponchi/final/G-15.webp,93,high,線密度,線密度,light_review,not_needed,logo_avoid,,no,no,no,no,pass,0.000518,82.4,99,99,96,97,66,98,100,247.415,0.02670,11.716,0.03971,0.17697,0.37739,0.97917,0.38542,0.97917
G-16,Embedding,term_llm,technique,assets/ponchi/final/G-16.webp,93,high,,,light_review,not_needed,logo_avoid,,no,no,no,no,pass,0.000072,59.9,98,98,96,94,70,97,100,248.065,0.02465,10.961,0.04362,0.16927,0.39171,0.98958,0.39583,0.98958
G-17,ベクトル DB,term_llm,technique,assets/ponchi/final/G-17.webp,94,high,,,light_review,not_needed,logo_avoid,,no,no,no,no,pass,0.000031,66.5,98,98,96,96,75,99,100,247.776,0.02621,11.356,0.04829,0.17904,0.37739,0.97917,0.38542,0.97917
G-18,Chain of Thought,term_llm,technique,assets/ponchi/final/G-18.webp,88,high,線密度,線密度,light_review,not_needed,logo_avoid,,no,no,no,no,pass,0.000043,59.0,96,95,98,85,60,91,100,249.363,0.02051,9.313,0.03364,0.14236,0.27083,1.00000,0.27083,1.00000
G-19,Prompt Caching,term_llm,technique,assets/ponchi/final/G-19.webp,89,high,線密度,線密度,light_review,not_needed,logo_avoid,,no,no,no,no,pass,0.000103,49.7,97,96,97,92,67,85,100,248.771,0.02327,10.677,0.04015,0.11513,0.28863,0.98958,0.29167,0.98958
G-20,CLAUDE.md,tool_agent,config_file,assets/ponchi/final/G-20.webp,94,high,,,light_review,not_needed,logo_avoid,,no,no,no,no,pass,0.000146,72.8,98,99,96,97,76,98,100,247.529,0.02606,11.555,0.04915,0.17350,0.39171,0.98958,0.39583,0.98958
G-21,AGENTS.md,tool_agent,config_file,assets/ponchi/final/G-21.webp,97,high,,,light_review,not_needed,logo_avoid,,no,no,no,no,pass,0.000100,88.7,99,100,95,100,88,98,100,246.784,0.02863,12.190,0.06087,0.19130,0.41233,0.98958,0.41667,0.98958
G-22,SKILL.md,tool_agent,config_file,assets/ponchi/final/G-22.webp,96,high,,,light_review,not_needed,logo_avoid,,no,no,no,no,pass,0.008275,44.3,98,98,97,95,92,97,100,247.796,0.00994,11.182,0.07921,0.17285,0.43924,0.91667,0.47917,1.00000
G-23,.claude/settings.json,tool_agent,config_file,assets/ponchi/final/G-23.webp,99,high,,,light_review,not_needed,logo_avoid,,no,no,no,no,pass,0.001012,65.0,100,100,100,99,97,96,100,246.888,0.01697,12.371,0.06912,0.20291,0.36534,0.94792,0.38542,0.98958
G-30,Tool Use,term_llm,control,assets/ponchi/final/G-30.webp,96,high,,,light_review,not_needed,logo_avoid,,no,no,no,no,pass,0.001023,45.8,98,97,98,93,93,94,100,248.331,0.01204,10.810,0.06554,0.15777,0.40484,0.94792,0.42708,0.98958
G-31,Hook,term_llm,control,assets/ponchi/final/G-31.webp,95,high,,,light_review,not_needed,logo_avoid,,no,no,no,no,pass,0.000722,41.1,97,96,97,88,89,97,100,248.882,0.00930,9.922,0.06163,0.16960,0.28950,0.95833,0.30208,1.00000
G-32,Slash Command,term_llm,control,assets/ponchi/final/G-32.webp,94,high,,,light_review,not_needed,logo_avoid,,no,no,no,no,pass,0.004589,34.5,97,97,95,88,92,93,100,248.700,0.00640,9.866,0.06445,0.15158,0.28950,0.95833,0.30208,0.97917
G-33,Function Calling,term_llm,control,assets/ponchi/final/G-33.webp,94,high,,,light_review,not_needed,logo_avoid,,no,no,no,no,pass,0.000986,48.0,99,99,97,99,73,96,100,247.500,0.00953,12.129,0.09766,0.16634,0.33420,0.91667,0.36458,0.97917
G-34,Code Interpreter,term_llm,code_execution,assets/ponchi/final/G-34.webp,97,high,,,light_review,not_needed,logo_avoid,,no,no,no,no,pass,0.000735,53.8,99,98,98,98,91,95,100,247.710,0.01194,11.789,0.06359,0.16200,0.31955,0.98958,0.32292,0.98958
G-35,Deep Research,term_llm,control,assets/ponchi/final/G-35.webp,97,high,,,light_review,not_needed,logo_avoid,,no,no,no,no,pass,0.007744,49.1,99,99,98,99,99,90,100,247.541,0.01221,11.958,0.07118,0.13867,0.42708,1.00000,0.42708,1.00000
G-36,Artifact,term_llm,control,assets/ponchi/final/G-36.webp,92,high,,,light_review,not_needed,logo_avoid,,no,no,no,no,pass,0.005816,43.8,95,94,100,82,95,86,100,243.920,0.01612,15.921,0.06727,0.24935,0.42708,1.00000,0.42708,1.00000
G-38,Plan Mode,term_llm,control,assets/ponchi/final/G-38.webp,92,high,,,light_review,not_needed,logo_avoid,,no,no,no,no,pass,0.005179,42.5,96,96,95,85,90,89,100,249.053,0.00512,9.202,0.06228,0.13411,0.37739,0.97917,0.38542,0.97917
G-39,Permission,term_llm,control,assets/ponchi/final/G-39.webp,94,high,,,light_review,not_needed,logo_avoid,,no,no,no,no,pass,0.000294,46.4,97,97,97,94,87,92,100,248.443,0.01013,10.944,0.08388,0.14648,0.35547,0.94792,0.37500,0.94792
G-40,バイブコーディング,term_llm,ops,assets/ponchi/final/G-40.webp,93,high,,,light_review,not_needed,logo_avoid,,no,no,no,no,pass,0.008153,42.1,96,96,96,86,95,88,100,249.027,0.00900,9.466,0.06717,0.13249,0.40104,0.87500,0.45833,1.00000
G-41,Subagent,term_llm,ops,assets/ponchi/final/G-41.webp,96,high,,,light_review,not_needed,logo_avoid,,no,no,no,no,pass,0.007875,46.2,99,99,96,93,90,95,100,247.448,0.00850,10.846,0.06250,0.20725,0.35547,0.94792,0.37500,0.98958
G-42,Worktree,term_llm,ops,assets/ponchi/final/G-42.webp,98,high,,,light_review,not_needed,logo_avoid,,no,no,no,no,pass,0.007153,43.7,99,99,96,96,95,99,100,247.554,0.00804,11.451,0.07682,0.18066,0.39355,0.96875,0.40625,0.98958
G-43,オーケストレーション,term_llm,ops,assets/ponchi/final/G-43.webp,93,high,線密度,線密度,light_review,not_needed,logo_avoid,,no,no,no,no,pass,0.000305,49.9,99,99,97,99,63,98,100,247.280,0.01136,12.476,0.10742,0.17394,0.44922,0.95833,0.46875,1.00000
G-44,マルチエージェント協調,term_llm,ops,assets/ponchi/final/G-44.webp,91,high,線密度,線密度,light_review,not_needed,logo_avoid,,no,no,no,no,pass,0.000207,53.4,99,100,98,96,51,98,100,246.678,0.01180,13.008,0.11827,0.19303,0.41927,0.95833,0.43750,1.00000
G-45,段階的開示,term_llm,ops,assets/ponchi/final/G-45.webp,90,high,線密度,線密度,light_review,not_needed,logo_avoid,,no,no,no,no,pass,0.000239,56.8,98,98,99,96,64,87,100,245.996,0.01407,13.066,0.10558,0.24447,0.41374,0.96875,0.42708,0.96875
G-46,ナーフ（モデルの劣化体感）,term_llm,ops,assets/ponchi/final/G-46.webp,91,high,線密度,線密度,light_review,not_needed,logo_avoid,,no,no,no,no,pass,0.000748,66.4,98,97,99,91,69,90,100,245.529,0.01523,14.069,0.10156,0.23123,0.45833,1.00000,0.45833,1.00000
G-47,Auto-compact,term_llm,ops,assets/ponchi/final/G-47.webp,96,high,,,light_review,not_needed,logo_avoid,,no,no,no,no,pass,0.000092,36.1,99,99,98,99,91,93,100,247.671,0.01338,12.105,0.06359,0.15365,0.40365,0.96875,0.41667,0.98958
H-1,TDD,workflow,methodology,assets/ponchi/final/H-1.webp,95,high,,known_padding_2to1,composition_regen_review,not_needed,logo_avoid,,no,yes,no,no,pass,0.000074,50.0,98,98,97,95,88,95,100,248.087,0.01134,11.236,0.08333,0.16157,0.38704,0.90625,0.42708,0.98958
H-2,ペアプログラミング,workflow,methodology,assets/ponchi/final/H-2.webp,96,high,,,light_review,not_needed,logo_avoid,,no,no,no,no,pass,0.000094,48.4,99,100,97,98,82,97,100,247.162,0.01120,12.618,0.08876,0.16927,0.40039,0.93750,0.42708,0.97917
H-3,バイブコーディングの流儀,workflow,methodology,assets/ponchi/final/H-3.webp,93,high,線密度,線密度,light_review,not_needed,logo_avoid,,no,no,no,no,pass,0.000142,49.9,99,99,97,99,69,95,100,247.552,0.01047,12.046,0.10145,0.16070,0.43859,0.97917,0.44792,1.00000
H-4,コードレビュー,workflow,methodology,assets/ponchi/final/H-4.webp,97,high,,,light_review,not_needed,logo_avoid,,no,no,no,no,pass,0.000050,39.6,98,97,98,92,95,100,100,248.285,0.01157,10.637,0.06727,0.18424,0.41233,0.98958,0.41667,0.98958
H-5,Scrum / Agile,workflow,methodology,assets/ponchi/final/H-5.webp,90,high,線密度,線密度;known_padding_2to1,composition_regen_review,not_needed,logo_avoid,,no,yes,no,no,pass,0.000524,81.0,97,96,98,83,63,96,100,244.965,0.02112,15.617,0.10710,0.20432,0.43446,0.94792,0.45833,0.98958
H-6,Git Flow,workflow,methodology,assets/ponchi/final/H-6.webp,89,high,,known_padding_2to1,composition_regen_review,not_needed,logo_avoid,,no,yes,no,no,pass,0.005422,48.4,95,94,95,80,81,88,100,249.742,0.00524,8.264,0.05339,0.13108,0.34559,0.94792,0.36458,0.98958
H-7,CI/CD,workflow,methodology,assets/ponchi/final/H-7.webp,91,high,線密度,線密度;known_padding_2to1,composition_regen_review,not_needed,logo_avoid,,no,yes,no,no,pass,0.005814,50.7,97,96,97,85,69,99,100,248.877,0.01059,9.293,0.04264,0.17860,0.37500,1.00000,0.37500,1.00000
H-8,DevOps,workflow,methodology,assets/ponchi/final/H-8.webp,97,high,,known_padding_2to1,composition_regen_review,not_needed,logo_avoid,,no,yes,no,no,pass,0.000996,64.4,98,98,98,94,93,100,100,248.020,0.01256,10.970,0.06489,0.18338,0.40202,0.98958,0.40625,0.98958
H-50,Bard → Gemini,history,timeline,assets/ponchi/final/H-50.webp,92,high,,,light_review,not_needed,logo_avoid,,no,no,no,no,pass,0.006561,25.6,96,95,95,82,87,93,100,249.407,0.00679,8.668,0.05968,0.15224,0.29297,0.93750,0.31250,1.00000
H-51,Preview から正式版への流れ,history,culture,assets/ponchi/final/H-51.webp,96,high,,,light_review,not_needed,logo_avoid,,no,no,no,no,pass,0.000350,56.1,98,98,97,94,87,98,100,247.916,0.00961,10.990,0.05968,0.19542,0.33301,0.96875,0.34375,0.98958
H-52,Copilot から Claude Code までの流れ,history,timeline,assets/ponchi/final/H-52.webp,90,high,線密度,線密度,light_review,not_needed,logo_avoid,,no,no,no,no,pass,0.008086,40.9,97,96,97,85,59,98,100,248.791,0.00979,9.195,0.03244,0.19271,0.39149,0.91667,0.42708,0.97917
H-53,ChatGPT 登場,history,event,assets/ponchi/final/H-53.webp,98,high,,,light_review,not_needed,logo_avoid,,no,no,no,no,pass,0.006355,68.2,98,99,96,96,96,100,100,247.490,0.00734,11.428,0.06825,0.18457,0.39931,0.95833,0.41667,1.00000
H-54,GPT-4 リリース,history,event,assets/ponchi/final/H-54.webp,99,high,,,light_review,not_needed,logo_avoid,,no,no,no,no,pass,0.000496,69.0,99,99,99,99,100,97,100,247.264,0.01490,12.127,0.07216,0.19586,0.37337,0.96875,0.38542,0.98958
H-55,LLaMA のオープン化,history,event,assets/ponchi/final/H-55.webp,93,high,,,light_review,not_needed,logo_avoid,,no,no,no,no,pass,0.007180,57.9,97,96,96,87,87,92,100,248.802,0.00727,9.681,0.05990,0.14865,0.30946,0.95833,0.32292,0.97917
H-56,Claude のバージョン史,history,timeline,assets/ponchi/final/H-56.webp,95,high,,,light_review,not_needed,logo_avoid,,no,no,no,no,pass,0.000191,57.7,97,96,99,87,96,95,100,248.745,0.01549,9.626,0.07595,0.16395,0.39931,0.95833,0.41667,1.00000
H-57,Gemini の命名史,history,timeline,assets/ponchi/final/H-57.webp,93,high,,,light_review,not_needed,logo_avoid,,no,no,no,no,pass,0.000051,49.9,98,98,99,91,77,95,100,248.125,0.01478,10.426,0.05002,0.20519,0.40484,0.94792,0.42708,0.98958
H-58,Transformer 論文,history,paper,assets/ponchi/final/H-58.webp,91,high,,,light_review,not_needed,logo_avoid,,no,no,no,no,pass,0.003035,61.9,97,97,95,88,70,96,100,248.613,0.00632,9.814,0.04340,0.16547,0.38542,1.00000,0.38542,1.00000
H-59,AI エージェント元年,history,era,assets/ponchi/final/H-59.webp,90,high,線密度,線密度,light_review,not_needed,logo_avoid,,no,no,no,no,pass,0.007567,60.9,99,99,99,92,62,87,100,247.330,0.01358,10.708,0.03592,0.24284,0.43859,0.97917,0.44792,1.00000
H-60,Codex → GitHub Copilot の系譜,history,timeline,assets/ponchi/final/H-60.webp,91,high,線密度,線密度,light_review,not_needed,logo_avoid,,no,no,no,no,pass,0.000234,55.6,98,97,98,91,63,95,100,248.271,0.01174,10.375,0.03624,0.20681,0.30273,0.96875,0.31250,0.98958
H-61,Preview 版という文化,history,culture,assets/ponchi/final/H-61.webp,92,high,,,light_review,not_needed,logo_avoid,,no,no,no,no,pass,0.009352,49.5,97,97,98,88,71,96,100,248.635,0.01231,9.769,0.04416,0.16602,0.42969,0.93750,0.45833,1.00000
H-62,Anthropic 創業の流れ,history,event,assets/ponchi/final/H-62.webp,92,high,,,light_review,not_needed,logo_avoid,,no,no,no,no,pass,0.002251,24.7,96,95,97,83,81,96,100,249.459,0.01105,8.911,0.05371,0.16764,0.34766,0.92708,0.37500,0.98958
H-63,Vibe Coding 命名,history,event,assets/ponchi/final/H-63.webp,92,high,,,light_review,not_needed,logo_avoid,,no,no,no,no,pass,0.000109,26.5,96,95,97,83,97,83,100,249.299,0.00976,8.908,0.07465,0.10645,0.43924,0.95833,0.45833,1.00000
I-1,MCP,mcp,protocol,assets/ponchi/final/I-1.webp,95,high,,,light_review,not_needed,logo_avoid,,no,no,no,no,pass,0.000005,23.1,100,100,100,100,73,95,100,246.864,0.01733,12.166,0.09776,0.16168,0.43924,0.95833,0.45833,1.00000
I-2,MCP Server,mcp,protocol,assets/ponchi/final/I-2.webp,92,high,,known_padding_2to1,composition_regen_review,not_needed,logo_avoid,,no,yes,no,no,pass,0.000061,24.5,99,99,98,94,70,91,100,247.656,0.01289,11.014,0.10026,0.14355,0.43924,0.95833,0.45833,1.00000
I-3,MCP Client,mcp,protocol,assets/ponchi/final/I-3.webp,97,high,,known_padding_2to1,composition_regen_review,not_needed,logo_avoid,,no,yes,no,no,pass,0.000011,21.9,99,99,100,93,94,95,100,247.551,0.01654,10.923,0.07715,0.16016,0.43924,0.95833,0.45833,1.00000
I-4,MCP Transport,mcp,protocol,assets/ponchi/final/I-4.webp,90,high,線密度,線密度;known_padding_2to1,composition_regen_review,not_needed,logo_avoid,,no,yes,no,no,pass,0.000116,21.0,98,98,99,90,60,94,100,247.933,0.01401,10.271,0.10970,0.15885,0.41927,0.95833,0.43750,1.00000
I-5,MCP SDK,mcp,protocol,assets/ponchi/final/I-5.webp,94,high,,known_padding_2to1,composition_regen_review,not_needed,logo_avoid,,no,yes,no,no,pass,0.000010,32.0,97,96,99,86,98,86,100,248.818,0.01450,9.520,0.07357,0.12305,0.43924,0.95833,0.45833,1.00000
I-10,Filesystem MCP,mcp,reference,assets/ponchi/final/I-10.webp,95,high,,,light_review,not_needed,logo_avoid,,no,no,no,no,pass,0.000092,20.0,97,96,100,85,97,92,100,248.731,0.01629,9.232,0.06858,0.14963,0.43924,0.95833,0.45833,1.00000
I-11,GitHub MCP,mcp,reference,assets/ponchi/final/I-11.webp,93,high,,,light_review,not_needed,logo_avoid,,no,no,no,no,pass,0.000117,24.9,97,96,96,83,98,86,100,248.848,0.00844,8.930,0.07389,0.12207,0.43924,0.95833,0.45833,1.00000
I-12,Git MCP,mcp,reference,assets/ponchi/final/I-12.webp,85,high,,,light_review,not_needed,logo_avoid,,no,no,no,no,pass,0.000291,24.6,93,92,96,71,79,77,100,251.032,0.00866,6.372,0.05187,0.08030,0.43924,0.95833,0.45833,1.00000
I-13,Slack MCP,mcp,reference,assets/ponchi/final/I-13.webp,94,high,,,light_review,not_needed,logo_avoid,,no,no,no,no,pass,0.000008,26.3,99,100,98,96,73,97,100,246.913,0.02094,11.399,0.09755,0.20009,0.43924,0.95833,0.45833,1.00000
I-20,Playwright MCP,mcp,dev_automation,assets/ponchi/final/I-20.webp,97,high,,,light_review,not_needed,logo_avoid,,no,no,no,no,pass,0.000028,24.1,99,100,97,97,93,97,100,246.810,0.02306,11.597,0.07856,0.19976,0.43924,0.95833,0.45833,1.00000
I-21,Puppeteer MCP,mcp,dev_automation,assets/ponchi/final/I-21.webp,89,high,線密度,線密度,light_review,not_needed,logo_avoid,,no,no,no,no,pass,0.000057,13.4,97,97,100,83,61,95,100,248.692,0.01684,8.858,0.03505,0.16211,0.43924,0.95833,0.45833,1.00000
I-22,Chrome DevTools MCP,mcp,dev_automation,assets/ponchi/final/I-22.webp,95,high,,,light_review,not_needed,logo_avoid,,no,no,no,no,pass,0.000024,16.8,97,97,99,86,96,95,100,248.536,0.01937,9.402,0.06847,0.16395,0.43924,0.95833,0.45833,1.00000
I-23,Serena MCP,mcp,dev_automation,assets/ponchi/final/I-23.webp,95,high,,,light_review,not_needed,logo_avoid,,no,no,no,no,pass,0.000042,27.7,97,97,99,85,92,99,100,248.446,0.01932,9.235,0.07954,0.17795,0.43924,0.95833,0.45833,1.00000
I-24,Context7 MCP,mcp,dev_automation,assets/ponchi/final/I-24.webp,92,high,,,light_review,not_needed,logo_avoid,,no,no,no,no,pass,0.000031,19.0,96,96,96,83,96,83,100,249.209,0.00890,8.853,0.07552,0.10590,0.43924,0.95833,0.45833,1.00000
I-30,Notion MCP,mcp,collab,assets/ponchi/final/I-30.webp,94,high,,,light_review,not_needed,logo_avoid,,no,no,no,no,pass,0.000093,21.5,99,100,100,95,72,97,100,247.164,0.01796,11.141,0.09842,0.16884,0.43924,0.95833,0.45833,1.00000
I-41,SQLite MCP,mcp,data,assets/ponchi/final/I-41.webp,92,high,,,light_review,not_needed,logo_avoid,,no,no,no,no,pass,0.000000,26.2,98,98,97,91,77,89,100,248.159,0.01106,10.373,0.09332,0.13509,0.43924,0.95833,0.45833,1.00000
I-50,AWS MCP,mcp,cloud,assets/ponchi/final/I-50.webp,93,high,,,light_review,not_needed,logo_avoid,,no,no,no,no,pass,0.000004,27.5,96,96,98,85,98,83,100,249.126,0.01152,9.194,0.06966,0.10786,0.43924,0.95833,0.45833,1.00000
I-80,自作 MCP のテンプレ,mcp,diy,assets/ponchi/final/I-80.webp,85,high,,,light_review,not_needed,logo_avoid,,no,no,no,no,pass,0.000048,19.0,93,92,96,71,77,78,100,250.958,0.00888,6.471,0.04970,0.08442,0.43924,0.95833,0.45833,1.00000
I-81,MCP の登録・設定,mcp,diy,assets/ponchi/final/I-81.webp,94,high,,,light_review,not_needed,logo_avoid,,no,no,no,no,pass,0.000128,25.8,98,97,100,89,87,93,100,248.223,0.01589,10.041,0.08453,0.15473,0.43924,0.95833,0.45833,1.00000
J-1,AGI,term_general,ai_concept,assets/ponchi/final/J-1.webp,91,high,,,light_review,not_needed,logo_avoid,,no,no,no,no,pass,0.000067,19.8,96,95,99,82,96,81,100,249.482,0.01362,8.629,0.06803,0.09939,0.43924,0.95833,0.45833,1.00000
J-2,強い AI／弱い AI,term_general,ai_concept,assets/ponchi/final/J-2.webp,92,high,,,light_review,not_needed,logo_avoid,,no,no,no,no,pass,0.000027,19.1,97,96,97,83,94,82,100,248.711,0.01029,8.924,0.07769,0.10341,0.43924,0.95833,0.45833,1.00000
J-3,Singularity,term_general,ai_concept,assets/ponchi/final/J-3.webp,89,high,,,light_review,not_needed,logo_avoid,,no,no,no,no,pass,0.000103,24.7,95,94,95,78,94,76,100,250.088,0.00604,7.928,0.06576,0.07595,0.43924,0.95833,0.45833,1.00000
J-4,ASI,term_general,ai_concept,assets/ponchi/final/J-4.webp,94,high,,,light_review,not_needed,logo_avoid,,no,no,no,no,pass,0.000000,15.1,98,98,99,90,81,97,100,247.994,0.01537,10.237,0.08995,0.17090,0.43924,0.95833,0.45833,1.00000
J-10,Machine Learning,term_general,ml_basic,assets/ponchi/final/J-10.webp,92,high,,,light_review,not_needed,logo_avoid,,no,no,no,no,pass,0.000051,25.2,96,95,97,82,98,83,100,249.473,0.00937,8.613,0.07389,0.10753,0.43924,0.95833,0.45833,1.00000
J-11,Deep Learning,term_general,ml_basic,assets/ponchi/final/J-11.webp,90,high,,,light_review,not_needed,logo_avoid,,no,no,no,no,pass,0.000181,34.9,97,97,97,86,71,90,100,248.628,0.01131,9.492,0.09939,0.14084,0.43924,0.95833,0.45833,1.00000
J-12,Neural Network,term_general,ml_basic,assets/ponchi/final/J-12.webp,92,high,,,light_review,not_needed,logo_avoid,,no,no,no,no,pass,0.000464,91.7,96,95,100,82,87,92,100,249.271,0.01747,8.568,0.05968,0.14800,0.43924,0.95833,0.45833,1.00000
J-13,Transformer,term_general,ml_basic,assets/ponchi/final/J-13.webp,87,high,,,light_review,not_needed,logo_avoid,,no,no,no,no,pass,0.000034,25.1,93,92,97,72,84,79,100,250.830,0.00972,6.598,0.05664,0.09060,0.43924,0.95833,0.45833,1.00000
J-14,LLM,term_general,ml_basic,assets/ponchi/final/J-14.webp,93,high,,,light_review,not_needed,logo_avoid,,no,no,no,no,pass,0.000023,31.8,97,97,97,89,93,83,100,248.656,0.01010,10.056,0.07878,0.10916,0.43924,0.95833,0.45833,1.00000
J-15,VLM,term_general,ml_basic,assets/ponchi/final/J-15.webp,90,high,,,light_review,not_needed,logo_avoid,,no,no,no,no,pass,0.000055,26.0,95,94,97,78,90,82,100,250.050,0.00961,7.758,0.06272,0.10352,0.43924,0.95833,0.45833,1.00000
J-16,Fine-tuning,term_general,ml_basic,assets/ponchi/final/J-16.webp,91,high,,,light_review,not_needed,logo_avoid,,no,no,no,no,pass,0.000151,20.0,96,95,97,81,92,84,100,249.541,0.01088,8.464,0.06424,0.11165,0.43924,0.95833,0.45833,1.00000
J-17,Attention,term_general,ml_basic,assets/ponchi/final/J-17.webp,90,high,,,light_review,not_needed,logo_avoid,,no,no,no,no,pass,0.000045,39.7,95,95,96,82,96,78,100,249.653,0.00840,8.617,0.07574,0.08615,0.43924,0.95833,0.45833,1.00000
J-18,MoE,term_general,ml_basic,assets/ponchi/final/J-18.webp,88,high,,,light_review,not_needed,logo_avoid,,no,no,no,no,pass,0.000022,23.3,95,94,97,79,83,81,100,249.924,0.01105,7.971,0.05577,0.09950,0.43924,0.95833,0.45833,1.00000
J-19,量子化,term_general,ml_basic,assets/ponchi/final/J-19.webp,86,high,,,light_review,not_needed,logo_avoid,,no,no,no,no,pass,0.000019,16.0,94,93,98,74,73,81,100,250.526,0.01182,7.078,0.04655,0.09711,0.43924,0.95833,0.45833,1.00000
J-20,Big Data,term_general,data_learning,assets/ponchi/final/J-20.webp,93,high,,,light_review,not_needed,logo_avoid,,no,no,no,no,pass,0.000385,32.9,98,98,98,91,82,89,100,248.097,0.01252,10.417,0.08908,0.13607,0.43924,0.95833,0.45833,1.00000
J-21,LoRA,term_general,data_learning,assets/ponchi/final/J-21.webp,87,high,,,light_review,not_needed,logo_avoid,,no,no,no,no,pass,0.000000,18.4,95,94,97,77,77,80,100,250.150,0.00948,7.666,0.05024,0.09657,0.43924,0.95833,0.45833,1.00000
J-22,パラメータ数の単位,term_general,data_learning,assets/ponchi/final/J-22.webp,90,high,,,light_review,not_needed,logo_avoid,,no,no,no,no,pass,0.000024,16.7,95,94,98,78,87,85,100,249.948,0.01166,7.741,0.05946,0.11480,0.41927,0.95833,0.43750,1.00000
J-23,拡散モデル,term_general,data_learning,assets/ponchi/final/J-23.webp,90,high,,,light_review,not_needed,logo_avoid,,no,no,no,no,pass,0.000460,55.1,97,97,98,90,72,85,100,248.446,0.01182,10.236,0.04536,0.11762,0.43924,0.95833,0.45833,1.00000
J-31,第 5 世代コンピュータ,term_general,computing_history,assets/ponchi/final/J-31.webp,93,high,,,light_review,not_needed,logo_avoid,,no,no,no,no,pass,0.000098,21.3,96,95,98,81,100,86,100,249.253,0.01224,8.529,0.07140,0.12229,0.43924,0.95833,0.45833,1.00000
J-32,ノイマン型,term_general,computing_history,assets/ponchi/final/J-32.webp,92,high,,,light_review,not_needed,logo_avoid,,no,no,no,no,pass,0.000005,18.9,96,96,97,85,95,83,100,249.077,0.00958,9.159,0.07661,0.10927,0.43924,0.95833,0.45833,1.00000
J-33,量子コンピュータ,term_general,computing_history,assets/ponchi/final/J-33.webp,91,high,,,light_review,not_needed,logo_avoid,,no,no,no,no,pass,0.000196,29.5,96,96,97,84,89,85,100,249.116,0.01034,9.122,0.08203,0.11480,0.43924,0.95833,0.45833,1.00000
J-40,IoT,term_general,buzzword,assets/ponchi/final/J-40.webp,91,high,,,light_review,not_needed,logo_avoid,,no,no,no,no,pass,0.000242,34.1,96,95,98,82,94,82,100,249.486,0.01352,8.673,0.06619,0.10308,0.43924,0.95833,0.45833,1.00000
J-41,DX,term_general,buzzword,assets/ponchi/final/J-41.webp,91,high,,,light_review,not_needed,logo_avoid,,no,no,no,no,pass,0.000023,18.5,97,96,98,83,86,85,100,248.833,0.01218,8.766,0.08518,0.11578,0.43924,0.95833,0.45833,1.00000
J-42,Web3,term_general,buzzword,assets/ponchi/final/J-42.webp,81,mid,濃淡;線密度,濃淡;線密度,visual_review,not_needed,logo_avoid,,no,no,no,no,pass,0.000029,44.7,92,90,96,63,63,76,100,251.896,0.00703,4.907,0.03646,0.07585,0.43924,0.95833,0.45833,1.00000
J-43,SaaS,term_general,buzzword,assets/ponchi/final/J-43.webp,92,high,,,light_review,not_needed,logo_avoid,,no,no,no,no,pass,0.000172,31.9,97,97,98,89,83,87,100,248.514,0.01338,9.989,0.08757,0.12500,0.43924,0.95833,0.45833,1.00000
J-50,AI 倫理,term_general,ethics_law,assets/ponchi/final/J-50.webp,84,mid,濃淡,濃淡,visual_review,not_needed,logo_avoid,,no,no,no,no,pass,0.000064,18.4,92,91,96,68,75,77,100,251.373,0.00699,5.799,0.04785,0.08019,0.43924,0.95833,0.45833,1.00000
J-51,Hallucination,term_general,ethics_law,assets/ponchi/final/J-51.webp,88,high,,,light_review,not_needed,logo_avoid,,no,no,no,no,pass,0.000000,21.7,94,93,97,75,83,81,100,250.417,0.01064,7.224,0.05566,0.09679,0.43924,0.95833,0.45833,1.00000
J-52,Sycophancy,term_general,ethics_law,assets/ponchi/final/J-52.webp,90,high,,,light_review,not_needed,logo_avoid,,no,no,no,no,pass,0.000014,17.4,96,95,96,79,93,81,100,249.350,0.00808,7.994,0.07888,0.09787,0.43924,0.95833,0.45833,1.00000
J-53,著作権法 30 条の 4（日本）,term_general,ethics_law,assets/ponchi/final/J-53.webp,93,high,,,light_review,not_needed,logo_avoid,,no,no,no,no,pass,0.000201,26.9,97,97,98,86,89,90,100,248.656,0.01320,9.508,0.08268,0.13965,0.43924,0.95833,0.45833,1.00000
J-54,ISO/IEC 42001,term_general,ethics_law,assets/ponchi/final/J-54.webp,89,high,,,light_review,not_needed,logo_avoid,,no,no,no,no,pass,0.000706,30.1,94,93,97,76,95,78,100,250.335,0.00963,7.475,0.06727,0.08474,0.43924,0.95833,0.45833,1.00000
J-55,個人情報保護法,term_general,ethics_law,assets/ponchi/final/J-55.webp,89,high,,,light_review,not_needed,logo_avoid,,no,no,no,no,pass,0.000004,20.9,94,94,97,76,88,83,100,250.176,0.01036,7.505,0.06055,0.10601,0.43924,0.95833,0.45833,1.00000
J-56,GDPR,term_general,ethics_law,assets/ponchi/final/J-56.webp,93,high,,,light_review,not_needed,logo_avoid,,no,no,no,no,pass,0.000023,18.4,96,96,97,83,99,84,100,249.109,0.01112,8.872,0.07248,0.11372,0.43924,0.95833,0.45833,1.00000
J-62,チューリングテスト,term_general,peripheral,assets/ponchi/final/J-62.webp,91,high,,,light_review,not_needed,logo_avoid,,no,no,no,no,pass,0.000033,18.3,95,95,97,80,94,85,100,249.569,0.01065,8.337,0.07791,0.11621,0.43924,0.95833,0.45833,1.00000
J-70,VRAM,term_general,hardware,assets/ponchi/final/J-70.webp,96,high,,,light_review,not_needed,logo_avoid,,no,no,no,no,pass,0.000071,17.6,98,99,98,93,88,100,100,247.469,0.02182,10.773,0.08333,0.18674,0.41927,0.95833,0.43750,1.00000
J-71,RAM,term_general,hardware,assets/ponchi/final/J-71.webp,94,high,,,light_review,not_needed,logo_avoid,,no,no,no,no,pass,0.000018,23.5,97,97,100,88,91,89,100,248.449,0.01775,9.912,0.08030,0.13336,0.43924,0.95833,0.45833,1.00000
J-72,H100,term_general,hardware,assets/ponchi/final/J-72.webp,95,high,,,light_review,not_needed,logo_avoid,,no,no,no,no,pass,0.000050,19.1,98,99,97,92,86,98,100,247.445,0.02280,10.600,0.08518,0.19510,0.41927,0.95833,0.43750,1.00000
J-73,Blackwell,term_general,hardware,assets/ponchi/final/J-73.webp,90,high,,,light_review,not_needed,logo_avoid,,no,no,no,no,pass,0.000031,17.4,95,95,96,79,99,78,100,249.611,0.00703,8.066,0.07237,0.08713,0.41927,0.95833,0.43750,1.00000
J-74,RTX シリーズ,term_general,hardware,assets/ponchi/final/J-74.webp,91,high,,,light_review,not_needed,logo_avoid,,no,no,no,no,pass,0.000125,23.2,95,94,97,76,100,82,100,250.149,0.00918,7.517,0.07161,0.10352,0.43924,0.95833,0.45833,1.00000
J-75,Tensor コア,term_general,hardware,assets/ponchi/final/J-75.webp,86,high,,,light_review,not_needed,logo_avoid,,no,no,no,no,pass,0.000003,22.2,93,92,97,71,83,78,100,250.946,0.00998,6.485,0.05545,0.08453,0.43924,0.95833,0.45833,1.00000
J-76,CPU,term_general,hardware,assets/ponchi/final/J-76.webp,91,high,,,light_review,not_needed,logo_avoid,,no,no,no,no,pass,0.000036,22.4,95,94,98,80,97,79,100,249.835,0.01139,8.217,0.07498,0.08908,0.43924,0.95833,0.45833,1.00000
J-77,GPU (概念),term_general,hardware,assets/ponchi/final/J-77.webp,96,high,,,light_review,not_needed,logo_avoid,,no,no,no,no,pass,0.000005,20.3,99,100,99,94,89,97,100,247.171,0.01829,11.118,0.08247,0.19813,0.43924,0.95833,0.45833,1.00000
J-78,HDD,term_general,hardware,assets/ponchi/final/J-78.webp,89,high,線密度,線密度,light_review,not_needed,logo_avoid,,no,no,no,no,pass,0.000056,35.5,99,100,98,97,55,85,100,247.084,0.01180,11.582,0.11415,0.11654,0.43924,0.95833,0.45833,1.00000
J-79,SSD,term_general,hardware,assets/ponchi/final/J-79.webp,96,high,,,light_review,not_needed,logo_avoid,,no,no,no,no,pass,0.000015,20.9,97,97,100,85,95,99,100,248.485,0.01687,9.294,0.06749,0.18045,0.43924,0.95833,0.45833,1.00000
J-80,SATA,term_general,hardware,assets/ponchi/final/J-80.webp,87,high,,,light_review,not_needed,logo_avoid,,no,no,no,no,pass,0.000062,15.8,94,93,97,75,79,81,100,250.434,0.01070,7.155,0.05230,0.09722,0.41927,0.95833,0.43750,1.00000
J-81,M.2,term_general,hardware,assets/ponchi/final/J-81.webp,91,high,,known_padding_2to1,composition_regen_review,not_needed,logo_avoid,,no,yes,no,no,pass,0.000000,16.4,95,95,99,80,91,87,100,249.608,0.01386,8.186,0.06304,0.12706,0.43924,0.95833,0.45833,1.00000
J-90,GUI,term_general,ui_os,assets/ponchi/final/J-90.webp,94,high,,known_padding_2to1,composition_regen_review,not_needed,logo_avoid,,no,yes,no,no,pass,0.000009,18.5,98,99,95,95,96,84,100,246.512,0.02840,11.203,0.06814,0.25575,0.43924,0.95833,0.45833,1.00000
J-91,CLI,term_general,ui_os,assets/ponchi/final/J-91.webp,95,high,,known_padding_2to1,composition_regen_review,not_needed,logo_avoid,,no,yes,no,no,pass,0.000020,16.1,98,99,94,98,78,99,100,246.264,0.02960,12.650,0.09256,0.18207,0.43924,0.95833,0.45833,1.00000
J-92,Linux,term_general,ui_os,assets/ponchi/final/J-92.webp,95,high,,known_padding_2to1,composition_regen_review,not_needed,logo_avoid,,no,yes,no,no,pass,0.000154,17.4,97,97,99,90,99,87,100,248.366,0.01369,10.222,0.07313,0.12402,0.43924,0.95833,0.45833,1.00000
J-93,Ubuntu,term_general,ui_os,assets/ponchi/final/J-93.webp,87,high,,known_padding_2to1,composition_regen_review,not_needed,logo_avoid,,no,yes,no,no,pass,0.000000,13.2,94,93,96,73,87,79,100,250.586,0.00744,6.746,0.05946,0.08974,0.41927,0.95833,0.43750,1.00000
J-100,識字（リテラシー）,term_general,concept,assets/ponchi/final/J-100.webp,89,high,,known_padding_2to1,composition_regen_review,not_needed,logo_avoid,,no,yes,no,no,pass,0.000041,26.6,94,93,96,74,96,77,100,250.612,0.00801,7.037,0.06782,0.08138,0.43924,0.95833,0.45833,1.00000
